date,home,away,pick,outcome,hit,raw_pick_odds,incumbent_model_key,candidate_model_key,incumbent_raw_p_pct,candidate_raw_p_pct,incumbent_raw_band,candidate_raw_band,raw_threshold_crossings,incumbent_platt_p_pct,candidate_platt_p_pct,incumbent_platt_band,candidate_platt_band,platt_threshold_crossings
2026-01-01,Auckland,Newcastle Jets,home,away,0,1.7000,a45beab0c878,1ad887406419,52.3236,60.0071,<55,60-<65,55:'up'|60:'up',61.3199,62.9111,60-<65,60-<65,
2026-01-01,Barnet,Crawley Town,home,home,1,1.5700,a45beab0c878,1ad887406419,51.7855,58.7525,<55,55-<60,55:'up',60.7290,61.5473,60-<65,60-<65,
2026-01-01,Bristol City,Portsmouth,home,home,1,1.7000,a45beab0c878,1ad887406419,50.9545,57.5621,<55,55-<60,55:'up',59.8112,60.2478,55-<60,60-<65,60:'up'
2026-01-01,Colwyn Bay,Flint Town Utd,home,away,0,1.7000,a45beab0c878,1ad887406419,44.9374,53.0201,<55,<55,,52.9832,55.2478,<55,55-<60,55:'up'
2026-01-01,Northampton Town,Stockport County,away,draw,0,2.0000,a45beab0c878,1ad887406419,47.9797,51.6388,<55,<55,,56.4745,53.7160,55-<60,<55,55:down
2026-01-02,Aveley FC,Canvey Island,home,home,1,1.4000,a45beab0c878,1ad887406419,53.1180,61.2186,<55,60-<65,55:'up'|60:'up',62.1872,64.2221,60-<65,60-<65,
2026-01-02,Cagliari,Milan,away,away,1,1.5300,a45beab0c878,1ad887406419,54.2074,58.2160,<55,55-<60,55:'up',63.3668,60.9622,60-<65,60-<65,
2026-01-02,Hapoel Rishon Lezion,Hapoel Afula,home,draw,0,1.6000,a45beab0c878,1ad887406419,51.0438,58.3743,<55,55-<60,55:'up',59.9101,61.1350,55-<60,60-<65,60:'up'
2026-01-02,Maccabi Herzliya,Hapoel Raanana,home,away,0,1.8000,a45beab0c878,1ad887406419,49.5262,56.9084,<55,55-<60,55:'up',58.2189,59.5321,55-<60,55-<60,
2026-01-02,Melbourne Victory,Perth Glory,home,home,1,4.3300,a45beab0c878,1ad887406419,51.5104,58.1995,<55,55-<60,55:'up',60.4258,60.9442,60-<65,60-<65,
2026-01-03,Aston Villa,Nottingham Forest,home,home,1,1.8000,a45beab0c878,1ad887406419,50.8093,58.6178,<55,55-<60,55:'up',59.6501,61.4004,55-<60,60-<65,60:'up'
2026-01-03,Bedford Town,AFC Fylde,away,away,1,1.7000,a45beab0c878,1ad887406419,56.2660,60.0609,55-<60,60-<65,60:'up',65.5642,62.9694,65-<80,60-<65,65:down
2026-01-03,Bnei Sakhnin,Hapoel Beer Sheva,away,away,1,1.3300,a45beab0c878,1ad887406419,53.4760,58.1760,<55,55-<60,55:'up',62.5761,60.9185,60-<65,60-<65,
2026-01-03,Bournemouth,Arsenal,away,away,1,1.4400,a45beab0c878,1ad887406419,62.8296,66.1232,60-<65,65-<80,65:'up',72.2808,69.4622,65-<80,65-<80,
2026-01-03,Brighton,Burnley,home,home,1,1.4500,a45beab0c878,1ad887406419,51.3532,58.4949,<55,55-<60,55:'up',60.2523,61.2664,60-<65,60-<65,
2026-01-03,Brisbane Roar,Wellington Phoenix,home,away,0,1.7000,a45beab0c878,1ad887406419,55.2004,62.4675,55-<60,60-<65,60:'up',64.4320,65.5671,60-<65,65-<80,65:'up'
2026-01-03,CD Castellon,Huesca,home,home,1,1.5700,a45beab0c878,1ad887406419,56.7131,64.2310,55-<60,60-<65,60:'up',66.0359,67.4542,65-<80,65-<80,
2026-01-03,Espanyol,Barcelona,away,away,1,1.5000,a45beab0c878,1ad887406419,56.5712,60.9577,55-<60,60-<65,60:'up',65.8864,63.9402,65-<80,60-<65,65:down
2026-01-03,Kilmarnock,Hibernian,away,away,1,1.9000,a45beab0c878,1ad887406419,47.3317,50.6677,<55,<55,,55.7373,52.6364,55-<60,<55,55:down
2026-01-03,Senegal,Sudan,home,home,1,1.2000,a45beab0c878,1ad887406419,53.2677,60.0371,<55,60-<65,55:'up'|60:'up',62.3500,62.9435,60-<65,60-<65,
2026-01-03,St Johnstone,Arbroath FC,home,home,1,1.4000,a45beab0c878,1ad887406419,48.1104,56.4155,<55,55-<60,55:'up',56.6227,58.9916,55-<60,55-<60,
2026-01-03,Worthing FC,Chippenham,home,draw,0,1.1700,a45beab0c878,1ad887406419,75.2256,81.2692,65-<80,>=80,80:'up',83.6633,84.7214,>=80,>=80,
2026-01-04,Fulham,Liverpool,away,draw,0,1.9000,a45beab0c878,1ad887406419,46.9885,49.9266,<55,<55,,55.3454,51.8114,55-<60,<55,55:down
2026-01-04,Inter,Bologna,home,home,1,1.4500,a45beab0c878,1ad887406419,54.2185,62.3438,<55,60-<65,55:'up'|60:'up',63.3787,65.4341,60-<65,65-<80,65:'up'
2026-01-04,Kuala Lumpur,Imigresen,home,home,1,1.2800,a45beab0c878,1ad887406419,52.3726,60.5827,<55,60-<65,55:'up'|60:'up',61.3736,63.5347,60-<65,60-<65,
2026-01-04,Lorient,Metz,home,draw,0,1.8000,a45beab0c878,1ad887406419,48.9332,56.1947,<55,55-<60,55:'up',57.5525,58.7491,55-<60,55-<60,
2026-01-04,Manchester City,Chelsea,home,draw,0,1.6500,a45beab0c878,1ad887406419,47.4369,56.1910,<55,55-<60,55:'up',55.8572,58.7451,55-<60,55-<60,
2026-01-04,Morocco,Tanzania,home,home,1,1.1400,a45beab0c878,1ad887406419,79.3760,84.5146,65-<80,>=80,80:'up',87.0629,87.7488,>=80,>=80,
2026-01-04,Real Madrid,Real Betis,home,home,1,5.0000,a45beab0c878,1ad887406419,46.9445,56.0230,<55,55-<60,55:'up',55.2951,58.5605,55-<60,55-<60,
2026-01-04,Real Sociedad,Atlético Madrid,away,draw,0,1.9500,a45beab0c878,1ad887406419,47.1338,51.6786,<55,<55,,55.5115,53.7601,55-<60,<55,55:down
2026-01-04,Sanremese,Vado,away,home,0,,a45beab0c878,1ad887406419,59.2067,62.2518,55-<60,60-<65,60:'up',68.6291,65.3352,65-<80,65-<80,
2026-01-04,Santa Clara,Porto,away,away,1,1.4800,a45beab0c878,1ad887406419,63.8684,67.6655,60-<65,65-<80,65:'up',73.3019,71.0850,65-<80,65-<80,
2026-01-04,Sevilla,Levante,home,away,0,1.7500,a45beab0c878,1ad887406419,52.0172,59.0633,<55,55-<60,55:'up',60.9838,61.8856,60-<65,60-<65,
2026-01-05,Benevento Calcio,FC Crotone,home,home,1,1.6000,a45beab0c878,1ad887406419,47.0663,55.9861,<55,55-<60,55:'up',55.4344,58.5200,55-<60,55-<60,
2026-01-05,Galatasaray,Trabzonspor,home,home,1,4.8000,a45beab0c878,1ad887406419,47.7458,56.1262,<55,55-<60,55:'up',56.2088,58.6739,55-<60,55-<60,
2026-01-05,MC Alger,CS Constantine,home,home,1,1.4400,a45beab0c878,1ad887406419,52.1732,59.3902,<55,55-<60,55:'up',61.1550,62.2412,60-<65,60-<65,
2026-01-05,Maccabi Haifa,Hapoel Haifa,home,home,1,1.3300,a45beab0c878,1ad887406419,53.4551,61.2778,<55,60-<65,55:'up'|60:'up',62.5534,64.2860,60-<65,60-<65,
2026-01-05,Nigeria,Mozambique,home,home,1,1.3600,a45beab0c878,1ad887406419,74.8743,81.0757,65-<80,>=80,80:'up',83.3656,84.5377,>=80,>=80,
2026-01-06,Fenerbahçe,Samsunspor,home,home,1,1.6500,a45beab0c878,1ad887406419,50.2336,58.4264,<55,55-<60,55:'up',59.0098,61.1917,55-<60,60-<65,60:'up'
2026-01-06,Kariobangi Sharks,Gor Mahia,away,away,1,1.9000,a45beab0c878,1ad887406419,52.9242,56.2489,<55,55-<60,55:'up',61.9761,58.8087,60-<65,55-<60,60:down
2026-01-06,Rangers,Aberdeen,home,home,1,,a45beab0c878,1ad887406419,58.8995,66.3470,55-<60,65-<80,60:'up'|65:'up',68.3131,69.6985,65-<80,65-<80,
2026-01-06,Sassuolo,Juventus,away,away,1,1.7200,a45beab0c878,1ad887406419,52.4483,56.0001,<55,55-<60,55:'up',61.4564,58.5353,60-<65,55-<60,60:down
2026-01-06,The New Saints,Bala Town,home,home,1,1.0800,a45beab0c878,1ad887406419,77.5491,83.2232,65-<80,>=80,80:'up',85.5932,86.5567,>=80,>=80,
2026-01-07,Burnley,Manchester United,away,draw,0,1.7200,a45beab0c878,1ad887406419,58.5453,62.3553,55-<60,60-<65,60:'up',67.9475,65.4464,65-<80,65-<80,
2026-01-07,Manchester City,Brighton,home,draw,0,1.3600,a45beab0c878,1ad887406419,57.1435,66.2439,55-<60,65-<80,60:'up'|65:'up',66.4879,69.5897,65-<80,65-<80,
2026-01-07,Napoli,Verona,home,draw,0,1.3800,a45beab0c878,1ad887406419,64.8851,72.0115,60-<65,65-<80,65:'up',74.2896,75.5834,65-<80,65-<80,
2026-01-08,Arsenal,Liverpool,home,draw,0,4.1000,a45beab0c878,1ad887406419,45.6653,55.0219,<55,55-<60,55:'up',53.8255,57.4590,<55,55-<60,55:'up'
2026-01-08,Milan,Genoa,home,draw,0,1.4200,a45beab0c878,1ad887406419,64.1940,71.6140,60-<65,65-<80,65:'up',73.6195,75.1769,65-<80,65-<80,
2026-01-08,Qatar SC,Al Sadd SC,away,away,1,1.4000,a45beab0c878,1ad887406419,50.7944,56.4569,<55,55-<60,55:'up',59.6336,59.0370,55-<60,55-<60,
2026-01-10,Atalanta,Torino,home,home,1,1.6500,a45beab0c878,1ad887406419,45.7625,54.1592,<55,<55,,53.9376,56.5074,<55,55-<60,55:'up'
2026-01-10,Hauts Lyonnais,Lorient,away,away,1,1.1200,a45beab0c878,1ad887406419,48.1014,52.7064,<55,<55,,56.6125,54.9003,55-<60,<55,55:down
2026-01-10,Juve Stabia,Pescara,home,draw,0,1.5700,a45beab0c878,1ad887406419,54.5334,62.3342,<55,60-<65,55:'up'|60:'up',63.7175,65.4238,60-<65,65-<80,65:'up'
2026-01-10,Racing Santander,Real Zaragoza,home,away,0,1.5700,a45beab0c878,1ad887406419,53.8024,61.9089,<55,60-<65,55:'up'|60:'up',62.9295,64.9662,60-<65,60-<65,
2026-01-10,Real Madrid W,Sevilla W,home,home,1,1.1700,a45beab0c878,1ad887406419,55.5220,65.1820,55-<60,65-<80,60:'up'|65:'up',64.7748,68.4656,60-<65,65-<80,65:'up'
2026-01-10,Real Oviedo,Real Betis,away,draw,0,1.9000,a45beab0c878,1ad887406419,52.3910,56.2893,<55,55-<60,55:'up',61.3937,58.8530,60-<65,55-<60,60:down
2026-01-10,Udinese,AC Pisa,home,draw,0,1.9500,a45beab0c878,1ad887406419,48.6124,55.6065,<55,55-<60,55:'up',57.1907,58.1026,55-<60,55-<60,
2026-01-10,Villarreal,Deportivo Alavés,home,home,1,1.5700,a45beab0c878,1ad887406419,61.5806,69.3188,60-<65,65-<80,65:'up',71.0378,72.8099,65-<80,65-<80,
2026-01-11,Asante Kotoko,Berekum Chelsea,home,draw,0,1.2500,a45beab0c878,1ad887406419,62.7522,70.0219,60-<65,65-<80,65:'up',72.2043,73.5384,65-<80,65-<80,
2026-01-11,Bahia,Jequié,home,home,1,1.6500,a45beab0c878,1ad887406419,54.7607,62.2908,<55,60-<65,55:'up'|60:'up',63.9615,65.3771,60-<65,65-<80,65:'up'
2026-01-11,Inter,Napoli,home,draw,0,1.7500,a45beab0c878,1ad887406419,45.2643,54.1305,<55,<55,,53.3619,56.4757,<55,55-<60,55:'up'
2026-01-11,Medeama SC,Young Apostles,home,home,1,1.3000,a45beab0c878,1ad887406419,60.0577,67.2292,60-<65,65-<80,65:'up',69.4994,70.6273,65-<80,65-<80,
2026-01-11,Pistoiese,Rovato Vertova,home,home,1,1.6600,a45beab0c878,1ad887406419,51.2899,58.8555,<55,55-<60,55:'up',60.1824,61.6594,60-<65,60-<65,
2026-01-11,Real Apodaca,Ciervos,home,home,1,1.1800,a45beab0c878,1ad887406419,75.7234,81.9425,65-<80,>=80,80:'up',84.0824,85.3580,>=80,>=80,
2026-01-11,Sheffield United,Mansfield,home,away,0,1.4000,a45beab0c878,1ad887406419,51.5108,59.6917,<55,55-<60,55:'up',60.4263,62.5688,60-<65,60-<65,
2026-01-12,Juventus,Cremonese,home,home,1,1.2500,a45beab0c878,1ad887406419,62.8663,70.3888,60-<65,65-<80,65:'up',72.3172,73.9175,65-<80,65-<80,
2026-01-12,Liverpool,Barnsley,home,home,1,1.1600,a45beab0c878,1ad887406419,60.1595,69.0543,60-<65,65-<80,65:'up',69.6030,72.5349,65-<80,65-<80,
2026-01-12,Maccabi Petah Tikva,Hapoel Ramat Gan,home,draw,0,1.4000,a45beab0c878,1ad887406419,52.4837,60.8340,<55,60-<65,55:'up'|60:'up',61.4951,63.8065,60-<65,60-<65,
2026-01-13,Alanyaspor,Fatih Karagümrük,home,draw,0,1.3600,a45beab0c878,1ad887406419,57.9498,66.8070,55-<60,65-<80,60:'up'|65:'up',67.3300,70.1833,65-<80,65-<80,
2026-01-13,Borussia Dortmund,Werder Bremen,home,home,1,1.3600,a45beab0c878,1ad887406419,62.8662,71.0310,60-<65,65-<80,65:'up',72.3170,74.5789,65-<80,65-<80,
2026-01-13,Deportivo La Coruña,Atlético Madrid,away,away,1,1.4200,a45beab0c878,1ad887406419,64.8117,68.8324,60-<65,65-<80,65:'up',74.2187,72.3041,65-<80,65-<80,
2026-01-13,Fethiyespor,Galatasaray,away,away,1,1.1200,a45beab0c878,1ad887406419,63.5649,66.7985,60-<65,65-<80,65:'up',73.0047,70.1744,65-<80,65-<80,
2026-01-13,Hapoel Petah Tikva,Maccabi Bnei Raina,home,away,0,1.5500,a45beab0c878,1ad887406419,53.0678,61.6381,<55,60-<65,55:'up'|60:'up',62.1326,64.6745,60-<65,60-<65,
2026-01-13,Huddersfield,Rotherham,home,home,1,1.5000,a45beab0c878,1ad887406419,60.4236,68.5780,60-<65,65-<80,65:'up',69.8713,72.0390,65-<80,65-<80,
2026-01-13,Kidderminster,Morecambe,home,home,1,1.8500,a45beab0c878,1ad887406419,48.1557,55.5294,<55,55-<60,55:'up',56.6740,58.0178,55-<60,55-<60,
2026-01-13,St Johnstone,Ross County,home,home,1,1.5700,a45beab0c878,1ad887406419,54.5792,62.5295,<55,60-<65,55:'up'|60:'up',63.7668,65.6336,60-<65,65-<80,65:'up'
2026-01-13,Stockport County,Harrogate Town,home,home,1,1.3800,a45beab0c878,1ad887406419,54.2906,62.4792,<55,60-<65,55:'up'|60:'up',63.4564,65.5796,60-<65,65-<80,65:'up'
2026-01-13,The New Saints,Colwyn Bay,home,home,1,1.2500,a45beab0c878,1ad887406419,60.0258,69.3700,60-<65,65-<80,65:'up',69.4669,72.8630,65-<80,65-<80,
2026-01-14,Hapoel Raanana,Maccabi Haifa,away,away,1,1.3000,a45beab0c878,1ad887406419,61.7047,65.1562,60-<65,65-<80,65:'up',71.1620,68.4383,65-<80,65-<80,
2026-01-14,Inter,Lecce,home,home,1,1.1200,a45beab0c878,1ad887406419,76.3413,82.6157,65-<80,>=80,80:'up',84.5984,85.9901,>=80,>=80,
2026-01-14,Köln,Bayern Munich,away,away,1,1.2800,a45beab0c878,1ad887406419,76.5270,80.8877,65-<80,>=80,80:'up',84.7525,84.3588,>=80,>=80,
2026-01-14,Levadiakos,Kifisia,home,home,1,1.6100,a45beab0c878,1ad887406419,46.9613,55.1989,<55,55-<60,55:'up',55.3144,57.6540,55-<60,55-<60,
2026-01-14,Napoli,Parma,home,draw,0,1.3300,a45beab0c878,1ad887406419,64.1363,71.8743,60-<65,65-<80,65:'up',73.5632,75.4432,65-<80,65-<80,
2026-01-14,Nasarawa Utd,Kano Pillars,home,away,0,1.4000,a45beab0c878,1ad887406419,60.2310,67.0339,60-<65,65-<80,65:'up',69.6757,70.4220,65-<80,65-<80,
2026-01-14,RB Leipzig,Freiburg,home,home,1,1.8000,a45beab0c878,1ad887406419,45.6782,55.5767,<55,55-<60,55:'up',53.8404,58.0699,<55,55-<60,55:'up'
2026-01-14,Sporting Covilha,Académica Coimbra,away,draw,0,,a45beab0c878,1ad887406419,52.1594,55.3404,<55,55-<60,55:'up',61.1399,57.8098,60-<65,55-<60,60:down
2026-01-15,Anderlecht,Gent,home,home,1,1.7200,a45beab0c878,1ad887406419,52.5310,60.9195,<55,60-<65,55:'up'|60:'up',61.5469,63.8989,60-<65,60-<65,
2026-01-15,Racing Santander,Barcelona,away,away,1,1.2500,a45beab0c878,1ad887406419,78.3111,81.2519,65-<80,>=80,80:'up',86.2114,84.7050,>=80,>=80,
2026-01-16,AC Pisa,Atalanta,away,draw,0,1.6100,a45beab0c878,1ad887406419,64.2518,67.7246,60-<65,65-<80,65:'up',73.6757,71.1470,65-<80,65-<80,
2026-01-16,CD Castellon,Leganes,home,home,1,1.7200,a45beab0c878,1ad887406419,45.1993,53.4220,<55,<55,,53.2868,55.6926,<55,55-<60,55:'up'
2026-01-16,Espanyol,Girona,home,away,0,1.8500,a45beab0c878,1ad887406419,45.3307,53.0669,<55,<55,,53.4389,55.2996,<55,55-<60,55:'up'
2026-01-16,Rangers,Annan Athletic,home,home,1,1.0200,a45beab0c878,1ad887406419,74.2140,80.6126,65-<80,>=80,80:'up',82.8022,84.0966,>=80,>=80,
2026-01-17,Borussia Dortmund,St Pauli,home,home,1,1.3000,a45beab0c878,1ad887406419,69.9041,77.0318,65-<80,65-<80,,78.9954,80.6227,65-<80,>=80,80:'up'
2026-01-17,Cagliari,Juventus,away,home,0,1.5300,a45beab0c878,1ad887406419,62.8618,66.8647,60-<65,65-<80,65:'up',72.3127,70.2440,65-<80,65-<80,
2026-01-17,Cruzeiro,Uberlândia MG,home,home,1,4.3300,a45beab0c878,1ad887406419,56.1019,65.1809,55-<60,65-<80,60:'up'|65:'up',65.3906,68.4645,65-<80,65-<80,
2026-01-17,Fiorentina W,Genoa W,home,draw,0,1.2000,a45beab0c878,1ad887406419,60.4627,67.7335,60-<65,65-<80,65:'up',69.9110,71.1563,65-<80,65-<80,
2026-01-17,Hansa Rostock,Erzgebirge Aue,home,home,1,1.5300,a45beab0c878,1ad887406419,47.0866,55.6242,<55,55-<60,55:'up',55.4576,58.1221,55-<60,55-<60,
2026-01-17,Napoli,Sassuolo,home,home,1,1.4500,a45beab0c878,1ad887406419,59.9727,68.1547,55-<60,65-<80,60:'up'|65:'up',69.4128,71.5971,65-<80,65-<80,
2026-01-17,Nottingham Forest,Arsenal,away,draw,0,1.5300,a45beab0c878,1ad887406419,62.3707,67.2781,60-<65,65-<80,65:'up',71.8260,70.6787,65-<80,65-<80,
2026-01-17,Osasuna,Real Oviedo,home,home,1,3.4000,a45beab0c878,1ad887406419,44.9239,53.1056,<55,<55,,52.9675,55.3424,<55,55-<60,55:'up'
2026-01-17,Real Madrid,Levante,home,home,1,1.1400,a45beab0c878,1ad887406419,74.2765,81.1733,65-<80,>=80,80:'up',82.8557,84.6304,>=80,>=80,
2026-01-17,Stockport County,Rotherham,home,home,1,1.5300,a45beab0c878,1ad887406419,59.9439,67.6103,55-<60,65-<80,60:'up'|65:'up',69.3835,71.0272,65-<80,65-<80,
2026-01-17,Udinese,Inter,away,away,1,1.4400,a45beab0c878,1ad887406419,61.4502,66.6384,60-<65,65-<80,65:'up',70.9070,70.0057,65-<80,65-<80,
2026-01-18,Aston Villa,Everton,home,away,0,1.6600,a45beab0c878,1ad887406419,54.0600,62.0626,<55,60-<65,55:'up'|60:'up',63.2078,65.1317,60-<65,65-<80,65:'up'
2026-01-18,CD Trofense,AD Marco 09,home,away,0,,a45beab0c878,1ad887406419,48.3691,55.7862,<55,55-<60,55:'up',56.9157,58.3003,55-<60,55-<60,
2026-01-18,Cruz Azul,Puebla FC,home,home,1,1.4200,a45beab0c878,1ad887406419,47.3552,55.2639,<55,55-<60,55:'up',55.7641,57.7255,55-<60,55-<60,
2026-01-18,Nasarawa Utd,Niger Tornadoes,home,home,1,1.4400,a45beab0c878,1ad887406419,51.5624,59.1292,<55,55-<60,55:'up',60.4832,61.9574,60-<65,60-<65,
2026-01-18,Real Sociedad,Barcelona,away,home,0,1.6000,a45beab0c878,1ad887406419,53.3199,59.0906,<55,55-<60,55:'up',62.4067,61.9153,60-<65,60-<65,
2026-01-18,Rennes,Le Havre,home,draw,0,1.6600,a45beab0c878,1ad887406419,48.3684,56.4489,<55,55-<60,55:'up',56.9149,59.0283,55-<60,55-<60,
2026-01-19,Besiktas,Kayserispor,home,home,1,1.4000,a45beab0c878,1ad887406419,57.2228,65.6930,55-<60,65-<80,60:'up'|65:'up',66.5711,69.0073,65-<80,65-<80,
2026-01-19,Konyaspor,Eyüpspor,home,draw,0,1.4200,a45beab0c878,1ad887406419,49.8937,58.0842,<55,55-<60,55:'up',58.6304,60.8183,55-<60,60-<65,60:'up'
2026-01-20,JS Kairouanaise,Stade Tunisien,away,away,1,2.2500,a45beab0c878,1ad887406419,48.0144,51.1853,<55,<55,,56.5138,53.2121,55-<60,<55,55:down
2026-01-20,Real Madrid,Monaco,home,home,1,1.3000,a45beab0c878,1ad887406419,57.7079,66.2295,55-<60,65-<80,60:'up'|65:'up',67.0781,69.5745,65-<80,65-<80,
2026-01-20,Sheffield Wednesday,Birmingham City,away,away,1,4.5000,a45beab0c878,1ad887406419,49.3398,56.0997,<55,55-<60,55:'up',58.0098,58.6448,55-<60,55-<60,
2026-01-20,Villarreal,Ajax,home,away,0,1.3000,a45beab0c878,1ad887406419,51.8026,60.3422,<55,60-<65,55:'up'|60:'up',60.7478,63.2743,60-<65,60-<65,
2026-01-21,CS Herediano,Guadalupe FC,home,home,1,1.3300,a45beab0c878,1ad887406419,58.5955,66.4456,55-<60,65-<80,60:'up'|65:'up',67.9994,69.8026,65-<80,65-<80,
2026-01-21,CS Sfaxien,CA Bizertin,home,home,1,1.4800,a45beab0c878,1ad887406419,53.2949,61.2050,<55,60-<65,55:'up'|60:'up',62.3795,64.2074,60-<65,60-<65,
2026-01-21,Vitória,Juazeirense,home,home,1,4.0000,a45beab0c878,1ad887406419,53.7003,62.7773,<55,60-<65,55:'up'|60:'up',62.8191,65.8996,60-<65,65-<80,65:'up'
2026-01-21,Watford,Portsmouth,home,draw,0,1.7200,a45beab0c878,1ad887406419,54.3690,62.7227,<55,60-<65,55:'up'|60:'up',63.5407,65.8410,60-<65,65-<80,65:'up'
2026-01-22,Cruzeiro,Democrata GV,home,away,0,1.1400,a45beab0c878,1ad887406419,59.6242,67.7835,55-<60,65-<80,60:'up'|65:'up',69.0571,71.2087,65-<80,65-<80,
2026-01-22,Feyenoord,Sturm Graz,home,home,1,1.4200,a45beab0c878,1ad887406419,49.0082,58.2243,<55,55-<60,55:'up',57.6370,60.9713,55-<60,60-<65,60:'up'
2026-01-22,Goiás,Centro Oeste,home,home,1,3.7000,a45beab0c878,1ad887406419,49.3406,57.8587,<55,55-<60,55:'up',58.0107,60.5721,55-<60,60-<65,60:'up'
2026-01-23,Inter,AC Pisa,home,home,1,1.1600,a45beab0c878,1ad887406419,73.4455,80.9436,65-<80,>=80,80:'up',82.1397,84.4121,>=80,>=80,
2026-01-23,Trabzonspor,Kasımpasa SK,home,home,1,1.5000,a45beab0c878,1ad887406419,56.1089,64.3057,55-<60,60-<65,60:'up',65.3979,67.5338,65-<80,65-<80,
2026-01-24,Bayern Munich,Augsburg,home,away,0,1.0900,a45beab0c878,1ad887406419,75.6044,82.7136,65-<80,>=80,80:'up',83.9824,86.0817,>=80,>=80,
2026-01-24,Bournemouth,Liverpool,away,home,0,1.9000,a45beab0c878,1ad887406419,52.9186,58.2644,<55,55-<60,55:'up',61.9700,61.0150,60-<65,60-<65,
2026-01-24,Hednesford Town,Leek Town,home,home,1,1.4200,a45beab0c878,1ad887406419,51.1055,57.8711,<55,55-<60,55:'up',59.9785,60.5856,55-<60,60-<65,60:'up'
2026-01-24,Heidenheim,RB Leipzig,away,away,1,1.5700,a45beab0c878,1ad887406419,55.9296,60.7494,55-<60,60-<65,60:'up',65.2080,63.7150,65-<80,60-<65,65:down
2026-01-24,Palmeiras,São Paulo,home,home,1,1.6700,a45beab0c878,1ad887406419,52.7119,59.1223,<55,55-<60,55:'up',61.7446,61.9498,60-<65,60-<65,
2026-01-24,The New Saints,Barry Town,home,home,1,1.1800,a45beab0c878,1ad887406419,61.7023,70.7167,60-<65,65-<80,65:'up',71.1596,74.2554,65-<80,65-<80,
2026-01-25,Arsenal,Manchester United,home,away,0,4.2000,a45beab0c878,1ad887406419,43.9708,52.8986,<55,<55,,51.8582,55.1132,<55,55-<60,55:'up'
2026-01-25,Atalanta,Parma,home,home,1,4.5000,a45beab0c878,1ad887406419,52.7001,60.9100,<55,60-<65,55:'up'|60:'up',61.7317,63.8887,60-<65,60-<65,
2026-01-25,Atlético Baleares,Torrent CF,home,home,1,1.5000,a45beab0c878,1ad887406419,56.5842,64.5896,55-<60,60-<65,60:'up',65.9000,67.8362,65-<80,65-<80,
2026-01-25,Atlético Madrid,Real Mallorca,home,home,1,1.3000,a45beab0c878,1ad887406419,64.6518,72.0952,60-<65,65-<80,65:'up',74.0640,75.6689,65-<80,65-<80,
2026-01-25,Barcelona,Real Oviedo,home,home,1,1.1100,a45beab0c878,1ad887406419,78.5810,84.2135,65-<80,>=80,80:'up',86.4286,87.4724,>=80,>=80,
2026-01-25,CR Belouizdad,Stellenbosch FC,home,home,1,1.9100,a45beab0c878,1ad887406419,52.9887,60.4873,<55,60-<65,55:'up'|60:'up',62.0465,63.4314,60-<65,60-<65,
2026-01-25,Floriana FC,Mosta FC,home,home,1,,a45beab0c878,1ad887406419,57.7839,65.7256,55-<60,65-<80,60:'up'|65:'up',67.1572,69.0418,65-<80,65-<80,
2026-01-25,Hatayspor,Ümraniyespor,away,away,1,6.5000,a45beab0c878,1ad887406419,50.1228,55.8546,<55,55-<60,55:'up',58.8862,58.3754,55-<60,55-<60,
2026-01-25,Marsaxlokk,Tarxien Rainbows,home,home,1,,a45beab0c878,1ad887406419,51.1084,58.8875,<55,55-<60,55:'up',59.9816,61.6942,55-<60,60-<65,60:'up'
2026-01-25,Novorizontino SP,Botafogo SP,home,home,1,1.6500,a45beab0c878,1ad887406419,48.6819,56.4498,<55,55-<60,55:'up',57.2692,59.0292,55-<60,55-<60,
2026-01-25,Paderborn,Preußen Münster,home,home,1,1.7500,a45beab0c878,1ad887406419,45.6200,53.4496,<55,<55,,53.7732,55.7231,<55,55-<60,55:'up'
2026-01-25,Persib Bandung,PSBS Biak Numfor,home,home,1,1.1600,a45beab0c878,1ad887406419,77.2131,83.4006,65-<80,>=80,80:'up',85.3183,86.7215,>=80,>=80,
2026-01-25,Real Sociedad W,Eibar W,home,home,1,1.1800,a45beab0c878,1ad887406419,57.2695,65.0069,55-<60,65-<80,60:'up'|65:'up',66.6200,68.2798,65-<80,65-<80,
2026-01-25,Victoria Utd Limbé,PWD Bamenda,home,home,1,1.8000,a45beab0c878,1ad887406419,47.8247,55.2921,<55,55-<60,55:'up',56.2984,57.7566,55-<60,55-<60,
2026-01-26,Hapoel Raanana,Hapoel Kfar Saba,away,draw,0,2.2500,a45beab0c878,1ad887406419,47.9697,50.9100,<55,<55,,56.4631,52.9060,55-<60,<55,55:down
2026-01-26,Maccabi Petah Tikva,Hapoel Hadera,home,home,1,1.3500,a45beab0c878,1ad887406419,63.1387,70.6645,60-<65,65-<80,65:'up',72.5859,74.2017,65-<80,65-<80,
2026-01-26,Parma U19,Torino U19,home,draw,0,1.5100,a45beab0c878,1ad887406419,57.4266,65.1274,55-<60,65-<80,60:'up'|65:'up',66.7844,68.4078,65-<80,65-<80,
2026-01-26,Porto,Gil Vicente,home,home,1,4.5000,a45beab0c878,1ad887406419,54.9145,63.7795,<55,60-<65,55:'up'|60:'up',64.1262,66.9725,60-<65,65-<80,65:'up'
2026-01-27,Cambridge Utd,Shrewsbury,home,home,1,1.5700,a45beab0c878,1ad887406419,60.1746,67.4122,60-<65,65-<80,65:'up',69.6183,70.8195,65-<80,65-<80,
2026-01-27,Inverness CT,Stenhousemuir FC,home,home,1,3.6000,a45beab0c878,1ad887406419,49.4849,57.1255,<55,55-<60,55:'up',58.1726,59.7700,55-<60,55-<60,
2026-01-27,Milton Keynes Dons,Bristol Rovers,home,home,1,1.6500,a45beab0c878,1ad887406419,59.4190,66.5992,55-<60,65-<80,60:'up'|65:'up',68.8469,69.9645,65-<80,65-<80,
2026-01-28,Atlético Madrid,Bodo/Glimt,home,away,0,1.3300,a45beab0c878,1ad887406419,62.2301,69.3354,60-<65,65-<80,65:'up',71.6863,72.8271,65-<80,65-<80,
2026-01-28,Manchester City,Galatasaray,home,home,1,1.2200,a45beab0c878,1ad887406419,62.3565,69.7534,60-<65,65-<80,65:'up',71.8120,73.2606,65-<80,65-<80,
2026-01-28,Pyramids,El Gouna,home,draw,0,1.6500,a45beab0c878,1ad887406419,48.5536,55.9419,<55,55-<60,55:'up',57.1243,58.4715,55-<60,55-<60,
2026-01-29,Celtic,Utrecht,home,home,1,1.3300,a45beab0c878,1ad887406419,53.7027,61.7203,<55,60-<65,55:'up'|60:'up',62.8217,64.7632,60-<65,60-<65,
2026-01-29,Ikorodu City,Shooting Stars SC,draw,home,0,3.0000,a45beab0c878,1ad887406419,51.4028,57.3318,<55,55-<60,55:'up',60.3071,59.9959,60-<65,55-<60,60:down
2026-01-29,Maccabi Tel Aviv,Bologna,away,away,1,1.5700,a45beab0c878,1ad887406419,62.5018,67.1572,60-<65,65-<80,65:'up',71.9562,70.5517,65-<80,65-<80,
2026-01-29,Real Betis,Feyenoord,home,home,1,1.6100,a45beab0c878,1ad887406419,53.1155,60.7604,<55,60-<65,55:'up'|60:'up',62.1845,63.7269,60-<65,60-<65,
2026-01-30,Ascoli,Livorno,home,home,1,1.5300,a45beab0c878,1ad887406419,46.4286,53.4746,<55,<55,,54.7041,55.7508,<55,55-<60,55:'up'
2026-01-30,Dinamo Bucuresti,Petrolul Ploiesti,home,draw,0,1.5300,a45beab0c878,1ad887406419,58.2814,64.7884,55-<60,60-<65,60:'up',67.6743,68.0475,65-<80,65-<80,
2026-01-30,Espanyol,Deportivo Alavés,home,away,0,1.9500,a45beab0c878,1ad887406419,48.8054,55.4640,<55,55-<60,55:'up',57.4085,57.9458,55-<60,55-<60,
2026-01-30,Istanbulspor AS,Hatayspor,home,home,1,1.0800,a45beab0c878,1ad887406419,63.4946,71.2162,60-<65,65-<80,65:'up',72.9358,74.7690,65-<80,65-<80,
2026-01-30,Lens,Le Havre,home,home,1,1.4200,a45beab0c878,1ad887406419,62.6122,69.3361,60-<65,65-<80,65:'up',72.0656,72.8278,65-<80,65-<80,
2026-01-31,Carabobo,Portuguesa,home,draw,0,1.3000,a45beab0c878,1ad887406419,49.8739,56.4669,<55,55-<60,55:'up',58.6083,59.0480,55-<60,55-<60,
2026-01-31,Chelsea,West Ham,home,home,1,1.5000,a45beab0c878,1ad887406419,56.2902,63.6273,55-<60,60-<65,60:'up',65.5898,66.8099,65-<80,65-<80,
2026-01-31,Club América,Club Necaxa,home,home,1,1.5000,a45beab0c878,1ad887406419,56.6853,64.0900,55-<60,60-<65,60:'up',66.0066,67.3038,65-<80,65-<80,
2026-01-31,Levante,Atlético Madrid,away,draw,0,1.5500,a45beab0c878,1ad887406419,59.8425,63.9135,55-<60,60-<65,60:'up',69.2801,67.1155,65-<80,65-<80,
2026-01-31,Sestao River,CD Alfaro,home,home,1,1.4000,a45beab0c878,1ad887406419,61.6617,68.2806,60-<65,65-<80,65:'up',71.1190,71.7286,65-<80,65-<80,
2026-01-31,Stenhousemuir FC,Peterhead FC,home,draw,0,1.9100,a45beab0c878,1ad887406419,53.2753,60.4438,<55,60-<65,55:'up'|60:'up',62.3582,63.3843,60-<65,60-<65,
2026-02-01,Barcelona W,Sevilla W,home,home,1,1.0100,a45beab0c878,1ad887406419,78.8251,83.1820,65-<80,>=80,80:'up',86.6242,86.5184,>=80,>=80,
2026-02-01,CD Numancia,CD Lealtad,home,away,0,1.4000,a45beab0c878,1ad887406419,61.1416,67.0654,60-<65,65-<80,65:'up',70.5968,70.4551,65-<80,65-<80,
2026-02-01,Celtic,Falkirk FC,home,home,1,1.2800,a45beab0c878,1ad887406419,60.5007,68.3751,60-<65,65-<80,65:'up',69.9494,71.8273,65-<80,65-<80,
2026-02-01,Manchester United,Fulham,home,home,1,1.5500,a45beab0c878,1ad887406419,53.3559,60.6943,<55,60-<65,55:'up'|60:'up',62.4458,63.6554,60-<65,60-<65,
2026-02-01,Parma,Juventus,away,away,1,1.4800,a45beab0c878,1ad887406419,63.1071,66.0466,60-<65,65-<80,65:'up',72.5548,69.3813,65-<80,65-<80,
2026-02-01,Real Madrid,Rayo Vallecano,home,home,1,1.3000,a45beab0c878,1ad887406419,74.7198,80.2472,65-<80,>=80,80:'up',83.2343,83.7472,>=80,>=80,
2026-02-01,Tijuana W,Puebla W,home,home,1,1.2400,a45beab0c878,1ad887406419,60.2204,66.6033,60-<65,65-<80,65:'up',69.6649,69.9688,65-<80,65-<80,
2026-02-01,Tottenham,Manchester City,away,draw,0,1.6500,a45beab0c878,1ad887406419,51.9705,56.7610,<55,55-<60,55:'up',60.9324,59.3706,60-<65,55-<60,60:down
2026-02-01,Toulouse,Auxerre,home,draw,0,1.7300,a45beab0c878,1ad887406419,52.9757,59.2862,<55,55-<60,55:'up',62.0322,62.1282,60-<65,60-<65,
2026-02-02,Kocaelispor,Fenerbahçe,away,away,1,1.5700,a45beab0c878,1ad887406419,58.8002,60.8241,55-<60,60-<65,60:'up',68.2107,63.7958,65-<80,60-<65,65:down
2026-02-02,Sunderland,Burnley,home,home,1,1.7000,a45beab0c878,1ad887406419,46.5913,52.8731,<55,<55,,54.8907,55.0850,<55,55-<60,55:'up'
2026-02-03,Arsenal,Chelsea,home,home,1,4.0000,a45beab0c878,1ad887406419,46.4053,53.2817,<55,<55,,54.6773,55.5374,<55,55-<60,55:'up'
2026-02-03,Bayer Leverkusen,St Pauli,home,home,1,1.5000,a45beab0c878,1ad887406419,59.6513,66.5599,55-<60,65-<80,60:'up'|65:'up',69.0847,69.9231,65-<80,65-<80,
2026-02-03,Blackburn Rovers,Sheffield Wednesday,home,home,1,1.6200,a45beab0c878,1ad887406419,55.9415,62.1887,55-<60,60-<65,60:'up',65.2205,65.2674,65-<80,65-<80,
2026-02-03,Forest Green,Woking,home,home,1,1.5000,a45beab0c878,1ad887406419,49.1011,55.8668,<55,55-<60,55:'up',57.7415,58.3889,55-<60,55-<60,
2026-02-03,Needham Market,AFC Sudbury,home,home,1,1.4400,a45beab0c878,1ad887406419,63.9890,70.1358,60-<65,65-<80,65:'up',73.4196,73.6562,65-<80,65-<80,
2026-02-03,Radcliffe Borough,Oxford City,home,home,1,1.3600,a45beab0c878,1ad887406419,49.6154,57.5609,<55,55-<60,55:'up',58.3189,60.2466,55-<60,60-<65,60:'up'
2026-02-03,Santos Laguna W,Monterrey W,away,away,1,1.4200,a45beab0c878,1ad887406419,55.9984,58.2595,55-<60,55-<60,,65.2809,61.0097,65-<80,60-<65,65:down
2026-02-03,Sheffield United,Oxford United,home,home,1,1.4500,a45beab0c878,1ad887406419,55.5283,62.3124,55-<60,60-<65,60:'up',64.7815,65.4004,60-<65,65-<80,65:'up'
2026-02-03,Trabzonspor,Fethiyespor,home,home,1,1.1400,a45beab0c878,1ad887406419,60.1555,66.6696,60-<65,65-<80,65:'up',69.5990,70.0387,65-<80,65-<80,
2026-02-04,Benfica U19,Slavia Prague U19,home,home,1,1.2200,a45beab0c878,1ad887406419,69.6810,76.5675,65-<80,65-<80,,78.7923,80.1645,65-<80,>=80,80:'up'
2026-02-04,Flamengo,Internacional,home,draw,0,1.4500,a45beab0c878,1ad887406419,60.6518,68.0970,60-<65,65-<80,65:'up',70.1025,71.5368,65-<80,65-<80,
2026-02-04,Livingston,Falkirk FC,away,away,1,2.2000,a45beab0c878,1ad887406419,48.6668,51.1926,<55,<55,,57.2521,53.2202,55-<60,<55,55:down
2026-02-04,Manchester City,Newcastle United,home,home,1,1.8000,a45beab0c878,1ad887406419,50.8674,57.5102,<55,55-<60,55:'up',59.7146,60.1910,55-<60,60-<65,60:'up'
2026-02-04,Nice,Montpellier,home,home,1,1.7000,a45beab0c878,1ad887406419,48.0773,55.0203,<55,55-<60,55:'up',56.5852,57.4573,55-<60,55-<60,
2026-02-04,Toulouse,Amiens,home,home,1,1.3000,a45beab0c878,1ad887406419,60.1647,66.7456,60-<65,65-<80,65:'up',69.6083,70.1187,65-<80,65-<80,
2026-02-04,Villarreal U19,Bayer Leverkusen U19,home,home,1,4.7500,a45beab0c878,1ad887406419,51.4153,58.0210,<55,55-<60,55:'up',60.3209,60.7493,60-<65,60-<65,
2026-02-05,Fenerbahçe,Erzurum BB,home,home,1,1.1800,a45beab0c878,1ad887406419,56.4363,63.7242,55-<60,60-<65,60:'up',65.7440,66.9133,65-<80,65-<80,
2026-02-05,Maccabi Kabilio Jaffa,Maccabi Tel Aviv,away,away,1,1.4000,a45beab0c878,1ad887406419,56.7410,57.7966,55-<60,55-<60,,66.0652,60.5042,65-<80,60-<65,65:down
2026-02-06,CSKA-Sofia,Arda Kardzhali,home,home,1,3.6000,a45beab0c878,1ad887406419,49.3968,56.5831,<55,55-<60,55:'up',58.0738,59.1754,55-<60,55-<60,
2026-02-06,Fylkir FC,Breidablik,home,home,1,1.5700,a45beab0c878,1ad887406419,56.8969,63.5485,55-<60,60-<65,60:'up',66.2292,66.7255,65-<80,65-<80,
2026-02-06,Hidalgo,Ciervos,home,draw,0,,a45beab0c878,1ad887406419,51.4371,57.3480,<55,55-<60,55:'up',60.3450,60.0136,60-<65,60-<65,
2026-02-06,Juárez W,América W,away,draw,0,1.4300,a45beab0c878,1ad887406419,47.2147,49.4623,<55,<55,,55.6038,51.2939,55-<60,<55,55:down
2026-02-06,Kisvárda FC,Kazincbarcikai SC,home,home,1,1.6200,a45beab0c878,1ad887406419,51.6736,58.0663,<55,55-<60,55:'up',60.6058,60.7988,60-<65,60-<65,
2026-02-06,Metz,Lille,away,draw,0,1.7300,a45beab0c878,1ad887406419,59.4988,63.4938,55-<60,60-<65,60:'up',68.9287,66.6670,65-<80,65-<80,
2026-02-06,Montana,CSKA 1948,away,away,1,1.5700,a45beab0c878,1ad887406419,56.4068,60.0784,55-<60,60-<65,60:'up',65.7129,62.9884,65-<80,60-<65,65:down
2026-02-06,Neom SC,Al Riyadh SC,home,home,1,1.6200,a45beab0c878,1ad887406419,49.5461,56.3635,<55,55-<60,55:'up',58.2412,58.9345,55-<60,55-<60,
2026-02-06,Reims,SC Bastia,home,draw,0,1.6200,a45beab0c878,1ad887406419,59.1534,65.7525,55-<60,65-<80,60:'up'|65:'up',68.5743,69.0703,65-<80,65-<80,
2026-02-06,Stade Briochin,FC Sochaux,away,draw,0,1.8500,a45beab0c878,1ad887406419,52.0475,55.0520,<55,55-<60,55:'up',61.0171,57.4922,60-<65,55-<60,60:down
2026-02-07,Arsenal,Sunderland,home,home,1,1.2200,a45beab0c878,1ad887406419,59.9196,67.3267,55-<60,65-<80,60:'up'|65:'up',69.3587,70.7297,65-<80,65-<80,
2026-02-07,Barcelona,Real Mallorca,home,home,1,1.1200,a45beab0c878,1ad887406419,74.9513,80.5795,65-<80,>=80,80:'up',83.4310,84.0650,>=80,>=80,
2026-02-07,Dunfermline,Kelty Hearts,home,home,1,1.2200,a45beab0c878,1ad887406419,55.8012,62.3568,55-<60,60-<65,60:'up',65.0717,65.4481,65-<80,65-<80,
2026-02-07,Ferencvaros,Ujpest FC,home,home,1,1.4000,a45beab0c878,1ad887406419,51.3937,59.3302,<55,55-<60,55:'up',60.2971,62.1760,60-<65,60-<65,
2026-02-07,Genoa,Napoli,away,away,1,1.9500,a45beab0c878,1ad887406419,48.5796,52.3932,<55,<55,,57.1537,54.5532,55-<60,<55,55:down
2026-02-07,Harrogate Town,Cambridge Utd,away,home,0,1.5300,a45beab0c878,1ad887406419,62.6146,66.3798,60-<65,65-<80,65:'up',72.0681,69.7331,65-<80,65-<80,
2026-02-07,Ironi Tiberias,Hapoel Tel Aviv,away,away,1,1.5300,a45beab0c878,1ad887406419,47.7928,51.4424,<55,<55,,56.2622,53.4978,55-<60,<55,55:down
2026-02-07,Lens,Rennes,home,home,1,1.7500,a45beab0c878,1ad887406419,48.4324,55.4092,<55,55-<60,55:'up',56.9873,57.8855,55-<60,55-<60,
2026-02-07,Lokomotiv Sofia,Ludogorets,away,away,1,1.4800,a45beab0c878,1ad887406419,54.0609,58.1659,<55,55-<60,55:'up',63.2088,60.9076,60-<65,60-<65,
2026-02-07,Manchester United,Tottenham,home,home,1,1.6500,a45beab0c878,1ad887406419,50.9753,58.7955,<55,55-<60,55:'up',59.8343,61.5941,55-<60,60-<65,60:'up'
2026-02-07,Monterrey W,Tijuana W,home,home,1,1.2900,a45beab0c878,1ad887406419,60.5335,69.0592,60-<65,65-<80,65:'up',69.9827,72.5400,65-<80,65-<80,
2026-02-07,Nantes,Lyon,away,away,1,1.6700,a45beab0c878,1ad887406419,50.5099,55.0578,<55,55-<60,55:'up',59.3176,57.4986,55-<60,55-<60,
2026-02-07,Real Sociedad,Elche,home,home,1,1.6500,a45beab0c878,1ad887406419,48.9311,55.9100,<55,55-<60,55:'up',57.5502,58.4364,55-<60,55-<60,
2026-02-07,SV Wehen,Schweinfurt,home,home,1,1.6000,a45beab0c878,1ad887406419,58.0402,65.1105,55-<60,65-<80,60:'up'|65:'up',67.4239,68.3898,65-<80,65-<80,
2026-02-08,Atlético Madrid,Real Betis,home,away,0,1.5500,a45beab0c878,1ad887406419,54.1054,61.4146,<55,60-<65,55:'up'|60:'up',63.2569,64.4336,60-<65,60-<65,
2026-02-08,Bayern Munich,Hoffenheim,home,home,1,9.0000,a45beab0c878,1ad887406419,62.6547,70.9367,60-<65,65-<80,65:'up',72.1078,74.4819,65-<80,65-<80,
2026-02-08,Cobán Imperial,Deportivo Mictlán,home,home,1,1.4000,a45beab0c878,1ad887406419,54.8323,61.6405,<55,60-<65,55:'up'|60:'up',64.0382,64.6772,60-<65,60-<65,
2026-02-08,Juventus,Lazio,home,draw,0,4.0000,a45beab0c878,1ad887406419,51.9195,59.5623,<55,55-<60,55:'up',60.8764,62.4282,60-<65,60-<65,
2026-02-08,Olympique Safi,Djoliba AC,home,home,1,1.3600,a45beab0c878,1ad887406419,51.0596,57.2353,<55,55-<60,55:'up',59.9276,59.8902,55-<60,55-<60,
2026-02-08,Rangers,Queen's Park FC,home,home,1,1.0900,a45beab0c878,1ad887406419,77.5139,83.0724,65-<80,>=80,80:'up',85.5645,86.4164,>=80,>=80,
2026-02-08,Rizespor,Galatasaray,away,away,1,1.5300,a45beab0c878,1ad887406419,62.7119,66.4674,60-<65,65-<80,65:'up',72.1644,69.8255,65-<80,65-<80,
2026-02-08,Saprissa,San Carlos,home,home,1,1.3600,a45beab0c878,1ad887406419,49.8853,56.4112,<55,55-<60,55:'up',58.6210,58.9868,55-<60,55-<60,
2026-02-08,Valencia,Real Madrid,away,away,1,1.5300,a45beab0c878,1ad887406419,63.5206,67.2393,60-<65,65-<80,65:'up',72.9613,70.6379,65-<80,65-<80,
2026-02-09,Atalanta,Cremonese,home,home,1,1.3800,a45beab0c878,1ad887406419,62.3823,68.9278,60-<65,65-<80,65:'up',71.8376,72.4034,65-<80,65-<80,
2026-02-09,Hapoel Beer Sheva,Beitar Jerusalem,home,home,1,4.0700,a45beab0c878,1ad887406419,45.9032,54.5000,<55,<55,,54.0998,56.8835,<55,55-<60,55:'up'
2026-02-09,Maccabi Petah Tikva,Maccabi Kabilio Jaffa,home,draw,0,1.2800,a45beab0c878,1ad887406419,70.5083,77.3110,65-<80,65-<80,,79.5423,80.8974,65-<80,>=80,80:'up'
2026-02-09,Racing Santander,Mirandés,home,home,1,1.4000,a45beab0c878,1ad887406419,64.2044,71.0830,60-<65,65-<80,65:'up',73.6295,74.6322,65-<80,65-<80,
2026-02-09,Sakaryaspor,Erzurum BB,away,away,1,1.6600,a45beab0c878,1ad887406419,56.1688,58.9543,55-<60,55-<60,,65.4614,61.7670,65-<80,60-<65,65:down
2026-02-10,AFC Fylde,Spennymoor Town,home,home,1,1.5700,a45beab0c878,1ad887406419,56.5075,63.9053,55-<60,60-<65,60:'up',65.8192,67.1067,65-<80,65-<80,
2026-02-10,Dorking Wanderers,Dover Athletic,home,home,1,1.4400,a45beab0c878,1ad887406419,58.2515,66.3025,55-<60,65-<80,60:'up'|65:'up',67.6433,69.6516,65-<80,65-<80,
2026-02-10,Huddersfield,Doncaster Rovers,home,draw,0,1.7500,a45beab0c878,1ad887406419,52.2073,59.9618,<55,55-<60,55:'up',61.1924,62.8619,60-<65,60-<65,
2026-02-10,Scarborough,South Shields,away,draw,0,1.7300,a45beab0c878,1ad887406419,46.9174,49.4079,<55,<55,,55.2642,51.2333,55-<60,<55,55:down
2026-02-10,West Ham,Manchester United,away,draw,0,1.6700,a45beab0c878,1ad887406419,57.0489,60.7851,55-<60,60-<65,60:'up',66.3888,63.7536,65-<80,60-<65,65:down
2026-02-11,Gangwon FC,Shanghai SIPG,home,draw,0,3.7500,a45beab0c878,1ad887406419,49.6409,57.0498,<55,55-<60,55:'up',58.3475,59.6871,55-<60,55-<60,
2026-02-11,Rosario Central,Sportivo Belgrano,home,home,1,1.2000,a45beab0c878,1ad887406419,52.7565,59.3874,<55,55-<60,55:'up',61.7932,62.2381,60-<65,60-<65,
2026-02-12,Brentford,Arsenal,away,draw,0,1.6700,a45beab0c878,1ad887406419,52.7100,56.0709,<55,55-<60,55:'up',61.7425,58.6132,60-<65,55-<60,60:down
2026-02-12,FH Hafnarfjordur,IBV Vestmannaeyjar,home,draw,0,2.7500,a45beab0c878,1ad887406419,51.9012,58.5378,<55,55-<60,55:'up',60.8562,61.3132,60-<65,60-<65,
2026-02-13,AC Bellinzona,FC Vaduz,away,away,1,2.0000,a45beab0c878,1ad887406419,52.8209,57.4324,<55,55-<60,55:'up',61.8636,60.1060,60-<65,60-<65,
2026-02-13,AC Pisa,Milan,away,away,1,1.5000,a45beab0c878,1ad887406419,59.1690,63.3814,55-<60,60-<65,60:'up',68.5904,66.5468,65-<80,65-<80,
2026-02-13,Carabobo,Monagas SC,home,home,1,1.8100,a45beab0c878,1ad887406419,51.5432,58.1822,<55,55-<60,55:'up',60.4620,60.9253,60-<65,60-<65,
2026-02-13,Galatasaray,Eyüpspor,home,home,1,1.1100,a45beab0c878,1ad887406419,74.4602,80.5431,65-<80,>=80,80:'up',83.0129,84.0303,>=80,>=80,
2026-02-13,Monaco,Nantes,home,home,1,1.4500,a45beab0c878,1ad887406419,56.2569,63.3602,55-<60,60-<65,60:'up',65.5545,66.5241,65-<80,65-<80,
2026-02-14,Barnet,Cheltenham,home,draw,0,1.4000,a45beab0c878,1ad887406419,52.7629,59.7780,<55,55-<60,55:'up',61.8003,62.6625,60-<65,60-<65,
2026-02-14,Bayer Leverkusen,St Pauli,home,home,1,1.4500,a45beab0c878,1ad887406419,63.3215,70.1853,60-<65,65-<80,65:'up',72.7657,73.7073,65-<80,65-<80,
2026-02-14,Deportivo Tachira,Trujillanos FC,home,draw,0,1.4800,a45beab0c878,1ad887406419,53.3737,60.5962,<55,60-<65,55:'up'|60:'up',62.4651,63.5492,60-<65,60-<65,
2026-02-14,Liverpool,Brighton,home,home,1,1.5500,a45beab0c878,1ad887406419,57.2756,65.5879,55-<60,65-<80,60:'up'|65:'up',66.6264,68.8960,65-<80,65-<80,
2026-02-14,Paris FC,Lens,away,away,1,1.8500,a45beab0c878,1ad887406419,52.9092,56.3380,<55,55-<60,55:'up',61.9598,58.9065,60-<65,55-<60,60:down
2026-02-14,Real Madrid,Real Sociedad,home,home,1,1.3600,a45beab0c878,1ad887406419,57.8498,66.1260,55-<60,65-<80,60:'up'|65:'up',67.2259,69.4652,65-<80,65-<80,
2026-02-14,Siracusa,Catania,away,draw,0,1.5500,a45beab0c878,1ad887406419,56.2648,59.7873,55-<60,55-<60,,65.5629,62.6725,65-<80,60-<65,65:down
2026-02-14,St Gallen,Grasshoppers,home,draw,0,1.7000,a45beab0c878,1ad887406419,59.1588,67.2406,55-<60,65-<80,60:'up'|65:'up',68.5799,70.6393,65-<80,65-<80,
2026-02-14,Verl,Hoffenheim II,home,home,1,1.7000,a45beab0c878,1ad887406419,54.6946,60.9859,<55,60-<65,55:'up'|60:'up',63.8906,63.9707,60-<65,60-<65,
2026-02-15,Lyon,Nice,home,home,1,1.5500,a45beab0c878,1ad887406419,57.5362,65.1690,55-<60,65-<80,60:'up'|65:'up',66.8988,68.4518,65-<80,65-<80,
2026-02-15,Rayo Vallecano,Atlético Madrid,away,home,0,1.9000,a45beab0c878,1ad887406419,56.0818,59.4670,55-<60,55-<60,,65.3692,62.3247,65-<80,60-<65,65:down
2026-02-16,Atromitos FC,Panserraikos,home,draw,0,1.4400,a45beab0c878,1ad887406419,51.9847,58.5107,<55,55-<60,55:'up',60.9481,61.2837,60-<65,60-<65,
2026-02-16,Aveley FC,Chichester City,home,draw,0,1.4500,a45beab0c878,1ad887406419,59.0802,66.3643,55-<60,65-<80,60:'up'|65:'up',68.4991,69.7168,65-<80,65-<80,
2026-02-16,Macclesfield,Brentford,away,away,1,13.0000,a45beab0c878,1ad887406419,59.8847,66.4151,55-<60,65-<80,60:'up'|65:'up',69.3231,69.7704,65-<80,65-<80,
2026-02-17,Milton Keynes Dons,Crawley Town,home,draw,0,1.5700,a45beab0c878,1ad887406419,61.9344,69.1050,60-<65,65-<80,65:'up',71.3916,72.5876,65-<80,65-<80,
2026-02-17,Zabbar St. Patrick,Valletta FC,away,draw,0,1.5800,a45beab0c878,1ad887406419,58.6195,62.9694,55-<60,60-<65,60:'up',68.0242,66.1056,65-<80,65-<80,
2026-02-18,FC Winterthur,St Gallen,away,away,1,1.7200,a45beab0c878,1ad887406419,54.2333,59.4825,<55,55-<60,55:'up',63.3947,62.3415,60-<65,60-<65,
2026-02-18,Levante,Villarreal,away,away,1,1.7500,a45beab0c878,1ad887406419,56.8210,61.1933,55-<60,60-<65,60:'up',66.1494,64.1947,65-<80,60-<65,65:down
2026-02-18,Qarabag,Newcastle United,away,away,1,1.4000,a45beab0c878,1ad887406419,53.4023,58.1465,<55,55-<60,55:'up',62.4961,60.8864,60-<65,60-<65,
2026-02-18,Vitória,Bahia de Feira BA,home,home,1,3.6000,a45beab0c878,1ad887406419,57.0906,65.9778,55-<60,65-<80,60:'up'|65:'up',66.4325,69.3086,65-<80,65-<80,
2026-02-19,Brann,Bologna,away,away,1,1.8300,a45beab0c878,1ad887406419,51.7874,55.4522,<55,55-<60,55:'up',60.7311,57.9328,60-<65,55-<60,60:down
2026-02-19,Noah,AZ Alkmaar,away,home,0,2.0500,a45beab0c878,1ad887406419,61.8080,66.9386,60-<65,65-<80,65:'up',71.2653,70.3218,65-<80,65-<80,
2026-02-20,Cherno More Varna,Botev Vratsa,home,draw,0,1.6500,a45beab0c878,1ad887406419,51.3589,58.8301,<55,55-<60,55:'up',60.2586,61.6317,60-<65,60-<65,
2026-02-20,FC Stade Nyonnais,FC Aarau,away,draw,0,1.6200,a45beab0c878,1ad887406419,51.0917,56.2475,<55,55-<60,55:'up',59.9632,58.8071,55-<60,55-<60,
2026-02-20,Sassuolo,Verona,home,home,1,1.8000,a45beab0c878,1ad887406419,54.0653,61.1374,<55,60-<65,55:'up'|60:'up',63.2135,64.1344,60-<65,60-<65,
2026-02-21,Atlético Madrid,Espanyol,home,home,1,1.4800,a45beab0c878,1ad887406419,48.7125,57.2552,<55,55-<60,55:'up',57.3037,59.9120,55-<60,55-<60,
2026-02-21,Bayern Munich,Eintracht Frankfurt,home,home,1,1.1400,a45beab0c878,1ad887406419,68.7707,77.1718,65-<80,65-<80,,77.9579,80.7605,65-<80,>=80,80:'up'
2026-02-21,Bnei Sakhnin,Hapoel Tel Aviv,away,draw,0,1.5700,a45beab0c878,1ad887406419,51.0642,55.2827,<55,55-<60,55:'up',59.9327,57.7462,55-<60,55-<60,
2026-02-21,CSKA-Sofia,Slavia Sofia,home,home,1,1.3600,a45beab0c878,1ad887406419,57.0817,64.9588,55-<60,60-<65,60:'up',66.4232,68.2287,65-<80,65-<80,
2026-02-21,Chelsea,Burnley,home,draw,0,1.2000,a45beab0c878,1ad887406419,68.5133,76.4259,65-<80,65-<80,,77.7202,80.0244,65-<80,>=80,80:'up'
2026-02-21,Harrogate Town,Bromley FC,away,draw,0,1.6500,a45beab0c878,1ad887406419,64.4590,67.3896,60-<65,65-<80,65:'up',73.8770,70.7957,65-<80,65-<80,
2026-02-21,Lecce,Inter,away,away,1,1.3800,a45beab0c878,1ad887406419,72.9476,75.6922,65-<80,65-<80,,81.7066,79.2962,>=80,65-<80,80:down
2026-02-21,Lens,Monaco,home,away,0,1.8500,a45beab0c878,1ad887406419,51.5601,59.3245,<55,55-<60,55:'up',60.4807,62.1698,60-<65,60-<65,
2026-02-21,Malacateco,Deportivo Achuapa,home,draw,0,1.5000,a45beab0c878,1ad887406419,48.2883,55.6063,<55,55-<60,55:'up',56.8242,58.1024,55-<60,55-<60,
2026-02-21,Manchester City,Newcastle United,home,home,1,1.4500,a45beab0c878,1ad887406419,52.9672,61.8429,<55,60-<65,55:'up'|60:'up',62.0230,64.8953,60-<65,60-<65,
2026-02-21,Millwall,Portsmouth,home,away,0,1.9000,a45beab0c878,1ad887406419,53.3593,60.6539,<55,60-<65,55:'up'|60:'up',62.4495,63.6117,60-<65,60-<65,
2026-02-21,Osasuna,Real Madrid,away,home,0,1.7000,a45beab0c878,1ad887406419,53.5248,58.7863,<55,55-<60,55:'up',62.6291,61.5841,60-<65,60-<65,
2026-02-21,Real Betis,Rayo Vallecano,home,draw,0,1.8500,a45beab0c878,1ad887406419,52.3421,60.4328,<55,60-<65,55:'up'|60:'up',61.3402,63.3724,60-<65,60-<65,
2026-02-21,Real Sociedad,Real Oviedo,home,draw,0,1.5000,a45beab0c878,1ad887406419,62.0723,69.0131,60-<65,65-<80,65:'up',71.5291,72.4921,65-<80,65-<80,
2026-02-21,Schalke 04,Magdeburg,home,home,1,2.0500,a45beab0c878,1ad887406419,52.7743,59.3648,<55,55-<60,55:'up',61.8127,62.2135,60-<65,60-<65,
2026-02-22,Barcelona,Levante,home,home,1,1.1100,a45beab0c878,1ad887406419,78.4978,84.9527,65-<80,>=80,80:'up',86.3617,88.1492,>=80,>=80,
2026-02-22,Correggese Calcio,Pistoiese,away,away,1,1.8300,a45beab0c878,1ad887406419,58.7910,63.4264,55-<60,60-<65,60:'up',68.2013,66.5949,65-<80,65-<80,
2026-02-22,Erzurum BB,Serik Belediyespor,home,home,1,1.1400,a45beab0c878,1ad887406419,69.1899,77.2492,65-<80,65-<80,,78.3433,80.8367,65-<80,>=80,80:'up'
2026-02-22,Milan,Parma,home,away,0,1.3300,a45beab0c878,1ad887406419,61.2881,69.3043,60-<65,65-<80,65:'up',70.7442,72.7948,65-<80,65-<80,
2026-02-22,Porto,Rio Ave,home,home,1,1.1400,a45beab0c878,1ad887406419,78.7728,84.4110,65-<80,>=80,80:'up',86.5824,87.6538,>=80,>=80,
2026-02-22,Raja Casablanca,Ittihad Tanger,home,home,1,1.5300,a45beab0c878,1ad887406419,51.8885,59.0697,<55,55-<60,55:'up',60.8423,61.8926,60-<65,60-<65,
2026-02-22,Tottenham,Arsenal,away,away,1,1.5500,a45beab0c878,1ad887406419,59.9665,65.9031,55-<60,65-<80,60:'up'|65:'up',69.4065,69.2296,65-<80,65-<80,
2026-02-22,Villarreal,Valencia,home,home,1,1.7000,a45beab0c878,1ad887406419,49.5318,58.0046,<55,55-<60,55:'up',58.2253,60.7315,55-<60,60-<65,60:'up'
2026-02-23,Eintracht Frankfurt W,Freiburg W,home,home,1,1.3800,a45beab0c878,1ad887406419,50.4121,59.3685,<55,55-<60,55:'up',59.2087,62.2176,55-<60,60-<65,60:'up'
2026-02-23,FC Famalicão,Casa Pia AC,home,home,1,1.6000,a45beab0c878,1ad887406419,47.4499,55.5510,<55,55-<60,55:'up',55.8721,58.0416,55-<60,55-<60,
2026-02-23,Seattle Sounders,Colorado Rapids,home,home,1,1.4700,a45beab0c878,1ad887406419,60.8914,68.9263,60-<65,65-<80,65:'up',70.3446,72.4018,65-<80,65-<80,
2026-02-23,Shamrock Rovers,Dundalk FC,home,draw,0,4.1000,a45beab0c878,1ad887406419,46.2787,55.1293,<55,55-<60,55:'up',54.5319,57.5773,<55,55-<60,55:'up'
2026-02-24,Bhayangkara Utd,Semen Padang,home,home,1,1.7500,a45beab0c878,1ad887406419,53.2484,60.8378,<55,60-<65,55:'up'|60:'up',62.3290,63.8106,60-<65,60-<65,
2026-02-24,Ceramica Cleopatra,Ismaily,home,draw,0,1.5600,a45beab0c878,1ad887406419,64.9730,72.8400,60-<65,65-<80,65:'up',74.3745,76.4275,65-<80,65-<80,
2026-02-24,Huachipato,Carabobo,home,away,0,4.0000,a45beab0c878,1ad887406419,45.0433,53.2996,<55,<55,,53.1060,55.5572,<55,55-<60,55:'up'
2026-02-24,Kaizer Chiefs,Stellenbosch FC,home,away,0,1.9000,a45beab0c878,1ad887406419,52.7883,59.8852,<55,55-<60,55:'up',61.8279,62.7788,60-<65,60-<65,
2026-02-24,Middlesbrough,Leicester City,home,draw,0,1.5500,a45beab0c878,1ad887406419,63.0815,70.7877,60-<65,65-<80,65:'up',72.5295,74.3286,65-<80,65-<80,
2026-02-24,Newcastle United,Qarabag,home,home,1,1.1100,a45beab0c878,1ad887406419,70.7061,78.0838,65-<80,65-<80,,79.7204,81.6544,65-<80,>=80,80:'up'
2026-02-24,Salford City,Shrewsbury,home,away,0,1.6000,a45beab0c878,1ad887406419,51.9982,59.9108,<55,55-<60,55:'up',60.9628,62.8066,60-<65,60-<65,
2026-02-25,FC Cartagena,Sevilla Atletico,home,home,1,1.9000,a45beab0c878,1ad887406419,53.0899,60.3213,<55,60-<65,55:'up'|60:'up',62.1566,63.2516,60-<65,60-<65,
2026-02-25,Juventus,Galatasaray,home,home,1,1.5300,a45beab0c878,1ad887406419,58.8405,67.1259,55-<60,65-<80,60:'up'|65:'up',68.2523,70.5188,65-<80,65-<80,
2026-02-25,Vélez Sársfield,Deportivo Riestra,home,draw,0,1.9000,a45beab0c878,1ad887406419,50.8640,58.5949,<55,55-<60,55:'up',59.7109,61.3755,55-<60,60-<65,60:'up'
2026-02-26,AZ Alkmaar,Noah,home,home,1,1.3200,a45beab0c878,1ad887406419,73.0059,80.1380,65-<80,>=80,80:'up',81.7574,83.6425,>=80,>=80,
2026-02-26,Bologna,Brann,home,home,1,1.4100,a45beab0c878,1ad887406419,52.5402,61.1298,<55,60-<65,55:'up'|60:'up',61.5570,64.1261,60-<65,60-<65,
2026-02-26,Celta Vigo,PAOK,home,home,1,1.9000,a45beab0c878,1ad887406419,51.3222,59.7790,<55,55-<60,55:'up',60.2181,62.6635,60-<65,60-<65,
2026-02-26,Deportivo Mixco,Deportivo Mictlán,home,draw,0,1.5000,a45beab0c878,1ad887406419,59.7252,67.9396,55-<60,65-<80,60:'up'|65:'up',69.1603,71.3721,65-<80,65-<80,
2026-02-26,Fiorentina,Jagiellonia,home,away,0,1.4600,a45beab0c878,1ad887406419,52.1483,60.7217,<55,60-<65,55:'up'|60:'up',61.1277,63.6850,60-<65,60-<65,
2026-02-26,MC Alger,JS Kabylie,home,draw,0,3.2000,a45beab0c878,1ad887406419,48.4861,56.9853,<55,55-<60,55:'up',57.0480,59.6164,55-<60,55-<60,
2026-02-26,River Plate,CA Banfield,home,home,1,1.5000,a45beab0c878,1ad887406419,49.0510,56.7548,<55,55-<60,55:'up',57.6852,59.3638,55-<60,55-<60,
2026-02-26,Samsunspor,Shkendija 79,home,home,1,1.3200,a45beab0c878,1ad887406419,61.6239,69.7113,60-<65,65-<80,65:'up',71.0811,73.2169,65-<80,65-<80,
2026-02-26,Santos,Vasco da Gama,home,home,1,3.6000,a45beab0c878,1ad887406419,44.4177,53.0588,<55,<55,,52.3792,55.2906,<55,55-<60,55:'up'
2026-02-27,Maccabi Petah Tikva,Hapoel Afula,home,away,0,1.1800,a45beab0c878,1ad887406419,64.0746,72.3174,60-<65,65-<80,65:'up',73.5031,75.8956,65-<80,65-<80,
2026-02-27,Monza,Virtus Entella,home,home,1,1.5700,a45beab0c878,1ad887406419,63.0908,70.3948,60-<65,65-<80,65:'up',72.5387,73.9236,65-<80,65-<80,
2026-02-27,Tampines Rovers,Hougang United,home,home,1,1.2400,a45beab0c878,1ad887406419,55.2193,65.0298,55-<60,65-<80,60:'up'|65:'up',64.4521,68.3041,60-<65,65-<80,65:'up'
2026-02-28,Burnley,Brentford,away,away,1,1.7500,a45beab0c878,1ad887406419,54.1924,59.4112,<55,55-<60,55:'up',63.3506,62.2640,60-<65,60-<65,
2026-02-28,Hoffenheim,St Pauli,home,away,0,1.5300,a45beab0c878,1ad887406419,63.5148,71.4763,60-<65,65-<80,65:'up',72.9556,75.0358,65-<80,65-<80,
2026-02-28,Liverpool,West Ham,home,home,1,1.4000,a45beab0c878,1ad887406419,59.8174,68.2050,55-<60,65-<80,60:'up'|65:'up',69.2544,71.6497,65-<80,65-<80,
2026-03-01,Adana Demirspor,Pendikspor,away,away,1,1.1100,a45beab0c878,1ad887406419,72.3053,75.2996,65-<80,65-<80,,81.1435,78.9049,>=80,65-<80,80:down
2026-03-01,Arsenal,Chelsea,home,home,1,3.8000,a45beab0c878,1ad887406419,45.0510,54.5067,<55,<55,,53.1150,56.8909,<55,55-<60,55:'up'
2026-03-01,Cremonese,Milan,away,away,1,1.5000,a45beab0c878,1ad887406419,60.7200,65.4625,60-<65,65-<80,65:'up',70.1715,68.7632,65-<80,65-<80,
2026-03-01,Grasshoppers,Lugano,away,home,0,2.1000,a45beab0c878,1ad887406419,46.6885,50.4142,<55,<55,,55.0021,52.3544,55-<60,<55,55:down
2026-03-01,Levski Sofia,Lokomotiv Sofia,home,home,1,1.2500,a45beab0c878,1ad887406419,62.3924,71.1438,60-<65,65-<80,65:'up',71.8477,74.6947,65-<80,65-<80,
2026-03-01,Manchester United,Crystal Palace,home,home,1,1.5500,a45beab0c878,1ad887406419,53.8863,62.1567,<55,60-<65,55:'up'|60:'up',63.0203,65.2329,60-<65,65-<80,65:'up'
2026-03-01,Midtjylland,Brøndby,home,draw,0,1.5300,a45beab0c878,1ad887406419,48.6948,57.6260,<55,55-<60,55:'up',57.2838,60.3177,55-<60,60-<65,60:'up'
2026-03-01,Niger Tornadoes,Warri Wolves,home,draw,0,1.4400,a45beab0c878,1ad887406419,53.0605,61.0370,<55,60-<65,55:'up'|60:'up',62.1246,64.0259,60-<65,60-<65,
2026-03-01,Rangers,Celtic,away,draw,0,2.8000,a45beab0c878,1ad887406419,48.9658,55.3487,<55,55-<60,55:'up',57.5893,57.8190,55-<60,55-<60,
2026-03-02,AC Pisa,Bologna,away,away,1,2.0000,a45beab0c878,1ad887406419,54.8165,57.9472,<55,55-<60,55:'up',64.0213,60.6688,60-<65,60-<65,
2026-03-02,Belasitsa,CSKA II Sofia,away,away,1,2.0000,a45beab0c878,1ad887406419,49.3181,52.4687,<55,<55,,57.9854,54.6369,55-<60,<55,55:down
2026-03-02,Ludogorets,Lokomotiv Plovdiv,home,draw,0,1.3600,a45beab0c878,1ad887406419,55.7859,64.4322,55-<60,60-<65,60:'up',65.0555,67.6686,65-<80,65-<80,
2026-03-02,St Patricks Dublin,Galway United,home,home,1,1.6700,a45beab0c878,1ad887406419,46.0413,53.7784,<55,<55,,54.2589,56.0867,<55,55-<60,55:'up'
2026-03-03,Barcelona,Atlético Madrid,home,home,1,5.0000,a45beab0c878,1ad887406419,57.0193,65.8829,55-<60,65-<80,60:'up'|65:'up',66.3577,69.2082,65-<80,65-<80,
2026-03-03,Everton,Burnley,home,home,1,1.6200,a45beab0c878,1ad887406419,57.0764,64.6948,55-<60,60-<65,60:'up',66.4176,67.9481,65-<80,65-<80,
2026-03-03,FK Jablonec,Slavia Praha,away,draw,0,1.6200,a45beab0c878,1ad887406419,48.4365,52.4217,<55,<55,,56.9919,54.5848,55-<60,<55,55:down
2026-03-03,Gyori ETO FC,Kecskemeti TE,home,draw,0,1.4300,a45beab0c878,1ad887406419,58.1575,66.5300,55-<60,65-<80,60:'up'|65:'up',67.5458,69.8915,65-<80,65-<80,
2026-03-03,TS Galaxy FC,ORBIT College FC,home,away,0,1.7300,a45beab0c878,1ad887406419,44.8420,53.1218,<55,<55,,52.8724,55.3604,<55,55-<60,55:'up'
2026-03-04,Aberdeen,Celtic,away,away,1,1.5500,a45beab0c878,1ad887406419,64.6392,69.6013,60-<65,65-<80,65:'up',74.0517,73.1029,65-<80,65-<80,
2026-03-04,Brighton,Arsenal,away,away,1,1.6200,a45beab0c878,1ad887406419,54.2516,60.2993,<55,60-<65,55:'up'|60:'up',63.4144,63.2277,60-<65,60-<65,
2026-03-04,CA Batna,MC Saïda,home,home,1,1.4400,a45beab0c878,1ad887406419,46.1154,53.3228,<55,<55,,54.3441,55.5829,<55,55-<60,55:'up'
2026-03-04,CSKA-Sofia,Botev Vratsa,home,home,1,1.2800,a45beab0c878,1ad887406419,60.0429,68.0949,60-<65,65-<80,65:'up',69.4844,71.5346,65-<80,65-<80,
2026-03-04,Lech Poznan,Gornik Zabrze,home,away,0,3.6000,a45beab0c878,1ad887406419,45.5120,54.1189,<55,<55,,53.6484,56.4629,<55,55-<60,55:'up'
2026-03-04,Polokwane City,Orlando Pirates,away,away,1,1.6500,a45beab0c878,1ad887406419,47.4772,50.9118,<55,<55,,55.9032,52.9080,55-<60,<55,55:down
2026-03-04,Ravenna,Pianese,home,draw,0,1.4700,a45beab0c878,1ad887406419,47.4271,55.1382,<55,55-<60,55:'up',55.8461,57.5872,55-<60,55-<60,
2026-03-04,Rayo Vallecano,Real Oviedo,home,home,1,1.8500,a45beab0c878,1ad887406419,44.9355,53.2377,<55,<55,,52.9810,55.4886,<55,55-<60,55:'up'
2026-03-04,Rivers United,El Kanemi Warriors,home,home,1,1.3600,a45beab0c878,1ad887406419,53.4797,60.8198,<55,60-<65,55:'up'|60:'up',62.5801,63.7912,60-<65,60-<65,
2026-03-04,Santos Laguna,Cruz Azul,away,away,1,1.5700,a45beab0c878,1ad887406419,60.7532,65.9008,60-<65,65-<80,65:'up',70.2050,69.2271,65-<80,65-<80,
2026-03-04,Zalaegerszegi TE,Soroksar,home,home,1,1.3600,a45beab0c878,1ad887406419,54.0347,62.0333,<55,60-<65,55:'up'|60:'up',63.1805,65.1002,60-<65,65-<80,65:'up'
2026-03-05,Avia Świdnik,Rakow Czestochowa,away,draw,0,5.6600,a45beab0c878,1ad887406419,48.9622,55.2574,<55,55-<60,55:'up',57.5852,57.7184,55-<60,55-<60,
2026-03-05,Bangkok United,Tampines Rovers,home,home,1,1.4400,a45beab0c878,1ad887406419,61.0970,69.0742,60-<65,65-<80,65:'up',70.5520,72.5556,65-<80,65-<80,
2026-03-05,Dinamo Bucuresti,Metalul Buzau,home,home,1,5.4000,a45beab0c878,1ad887406419,57.2854,66.1931,55-<60,65-<80,60:'up'|65:'up',66.6366,69.5361,65-<80,65-<80,
2026-03-05,FC Basel,Grasshoppers,home,home,1,1.6200,a45beab0c878,1ad887406419,51.6581,59.8586,<55,55-<60,55:'up',60.5887,62.7499,60-<65,60-<65,
2026-03-05,Persik Kediri,PSBS Biak Numfor,home,home,1,1.5300,a45beab0c878,1ad887406419,52.1319,60.2071,<55,60-<65,55:'up'|60:'up',61.1097,63.1278,60-<65,60-<65,
2026-03-06,Adelaide United,Wellington Phoenix,home,draw,0,1.7500,a45beab0c878,1ad887406419,56.3446,64.7435,55-<60,60-<65,60:'up',65.6472,67.9998,65-<80,65-<80,
2026-03-06,Bayern Munich,Borussia M'gladbach,home,home,1,1.1200,a45beab0c878,1ad887406419,68.5630,76.7549,65-<80,65-<80,,77.7661,80.3497,65-<80,>=80,80:'up'
2026-03-06,Napoli,Torino,home,home,1,1.4800,a45beab0c878,1ad887406419,57.8219,65.6768,55-<60,65-<80,60:'up'|65:'up',67.1968,68.9902,65-<80,65-<80,
2026-03-06,Rapperswil,FC Vaduz,away,draw,0,1.9000,a45beab0c878,1ad887406419,50.1401,55.8833,<55,55-<60,55:'up',58.9055,58.4070,55-<60,55-<60,
2026-03-06,SV Elversberg,Magdeburg,home,home,1,1.9000,a45beab0c878,1ad887406419,48.0905,56.4764,<55,55-<60,55:'up',56.6001,59.0584,55-<60,55-<60,
2026-03-06,Schalke 04,Arminia Bielefeld,home,home,1,1.9000,a45beab0c878,1ad887406419,49.8721,58.0873,<55,55-<60,55:'up',58.6063,60.8218,55-<60,60-<65,60:'up'
2026-03-06,Étoile Carouge,FC Aarau,away,away,1,1.8000,a45beab0c878,1ad887406419,54.9222,60.1148,<55,60-<65,55:'up'|60:'up',64.1346,63.0278,60-<65,60-<65,
2026-03-07,Atalanta,Udinese,home,draw,0,1.5500,a45beab0c878,1ad887406419,51.4661,59.5718,<55,55-<60,55:'up',60.3770,62.4385,60-<65,60-<65,
2026-03-07,Auxerre,Strasbourg,away,draw,0,2.0500,a45beab0c878,1ad887406419,46.9889,51.4839,<55,<55,,55.3460,53.5439,55-<60,<55,55:down
2026-03-07,Burgos CF,Mirandés,home,home,1,1.8000,a45beab0c878,1ad887406419,51.3909,58.2504,<55,55-<60,55:'up',60.2940,60.9998,60-<65,60-<65,
2026-03-07,Dunav Ruse,Ludogorets II,home,home,1,1.2200,a45beab0c878,1ad887406419,61.4499,70.3454,60-<65,65-<80,65:'up',70.9067,73.8727,65-<80,65-<80,
2026-03-07,Heidenheim,Hoffenheim,away,away,1,1.6200,a45beab0c878,1ad887406419,62.6532,67.5029,60-<65,65-<80,65:'up',72.1063,70.9146,65-<80,65-<80,
2026-03-07,Köln,Borussia Dortmund,away,away,1,1.7000,a45beab0c878,1ad887406419,54.3824,59.0918,<55,55-<60,55:'up',63.5552,61.9166,60-<65,60-<65,
2026-03-07,Milton Keynes Dons,Harrogate Town,home,home,1,1.3800,a45beab0c878,1ad887406419,62.9384,70.5283,60-<65,65-<80,65:'up',72.3883,74.0613,65-<80,65-<80,
2026-03-07,Málaga CF,Real Valladolid,home,draw,0,1.9100,a45beab0c878,1ad887406419,52.2403,59.8056,<55,55-<60,55:'up',61.2286,62.6924,60-<65,60-<65,
2026-03-07,Newcastle United,Manchester City,away,away,1,1.9000,a45beab0c878,1ad887406419,51.6957,54.2695,<55,<55,,60.6301,56.6292,60-<65,55-<60,60:down
2026-03-07,Wrexham FC,Chelsea,away,draw,0,1.4400,a45beab0c878,1ad887406419,55.7147,60.8664,55-<60,60-<65,60:'up',64.9799,63.8416,60-<65,60-<65,
2026-03-08,Alianza FC,Fuerte San Francisco,home,home,1,1.3600,a45beab0c878,1ad887406419,59.7638,67.0876,55-<60,65-<80,60:'up'|65:'up',69.1997,70.4785,65-<80,65-<80,
2026-03-08,Fenerbahçe,Samsunspor,home,home,1,1.4400,a45beab0c878,1ad887406419,57.1194,65.4709,55-<60,65-<80,60:'up'|65:'up',66.4627,68.7721,65-<80,65-<80,
2026-03-08,Gaziantep,Fatih Karagümrük,home,draw,0,1.8400,a45beab0c878,1ad887406419,50.4018,57.9106,<55,55-<60,55:'up',59.1972,60.6287,55-<60,60-<65,60:'up'
2026-03-08,LASK Linz,Wolfsberger AC,home,home,1,1.8000,a45beab0c878,1ad887406419,48.5584,56.1947,<55,55-<60,55:'up',57.1297,58.7492,55-<60,55-<60,
2026-03-08,Levadiakos,Panathinaikos,away,away,1,2.3000,a45beab0c878,1ad887406419,46.9960,51.2850,<55,<55,,55.3540,53.3229,55-<60,<55,55:down
2026-03-08,Lille,Lorient,home,draw,0,1.6000,a45beab0c878,1ad887406419,49.2919,57.4842,<55,55-<60,55:'up',57.9560,60.1626,55-<60,60-<65,60:'up'
2026-03-08,Lyon,Paris FC,home,draw,0,3.7000,a45beab0c878,1ad887406419,54.0435,62.9086,<55,60-<65,55:'up'|60:'up',63.1901,66.0405,60-<65,65-<80,65:'up'
2026-03-08,Villarreal,Elche,home,home,1,1.5500,a45beab0c878,1ad887406419,58.6556,66.7304,55-<60,65-<80,60:'up'|65:'up',68.0615,70.1026,65-<80,65-<80,
2026-03-09,Comunicaciones,Deportivo Achuapa,home,home,1,1.2900,a45beab0c878,1ad887406419,60.8361,67.8843,60-<65,65-<80,65:'up',70.2888,71.3143,65-<80,65-<80,
2026-03-10,Atalanta,Bayern Munich,away,away,1,1.6200,a45beab0c878,1ad887406419,64.7587,69.1045,60-<65,65-<80,65:'up',74.1674,72.5872,65-<80,65-<80,
2026-03-10,Atlético Madrid,Tottenham,home,home,1,1.5500,a45beab0c878,1ad887406419,54.5512,62.2511,<55,60-<65,55:'up'|60:'up',63.7366,65.3345,60-<65,65-<80,65:'up'
2026-03-10,Cwmbran Celtic,Llantwit Major,away,away,1,1.7200,a45beab0c878,1ad887406419,56.6904,61.5781,55-<60,60-<65,60:'up',66.0119,64.6099,65-<80,60-<65,65:down
2026-03-10,Eastbourne,Ebbsfleet Utd,away,away,1,2.0000,a45beab0c878,1ad887406419,57.3235,62.3412,55-<60,60-<65,60:'up',66.6766,65.4313,65-<80,65-<80,
2026-03-10,Galatasaray,Liverpool,away,home,0,1.7500,a45beab0c878,1ad887406419,58.4272,62.2980,55-<60,60-<65,60:'up',67.8253,65.3849,65-<80,65-<80,
2026-03-10,Lyon W,Le Havre W,home,home,1,1.0100,a45beab0c878,1ad887406419,78.2189,83.9074,65-<80,>=80,80:'up',86.1370,87.1904,>=80,>=80,
2026-03-10,Machida Zelvia,Gangwon FC,home,home,1,1.6000,a45beab0c878,1ad887406419,48.4560,56.0856,<55,55-<60,55:'up',57.0140,58.6294,55-<60,55-<60,
2026-03-10,Sheffield Wednesday,Watford,away,draw,0,1.4800,a45beab0c878,1ad887406419,63.1087,67.2793,60-<65,65-<80,65:'up',72.5563,70.6799,65-<80,65-<80,
2026-03-10,Stevenage,Leyton Orient,home,away,0,2.1000,a45beab0c878,1ad887406419,46.5576,53.3769,<55,<55,,54.8520,55.6427,<55,55-<60,55:'up'
2026-03-10,Woking,Boreham Wood,away,draw,0,1.8500,a45beab0c878,1ad887406419,48.6199,52.5630,<55,<55,,57.1992,54.7414,55-<60,<55,55:down
2026-03-11,Bayer Leverkusen,Arsenal,away,draw,0,1.5300,a45beab0c878,1ad887406419,56.5541,61.1050,55-<60,60-<65,60:'up',65.8683,64.0994,65-<80,60-<65,65:down
2026-03-11,Hatayspor,Sivasspor,away,away,1,6.4000,a45beab0c878,1ad887406419,59.7076,65.9267,55-<60,65-<80,60:'up'|65:'up',69.1423,69.2546,65-<80,65-<80,
2026-03-11,Keçiörengücü,Sakaryaspor,home,draw,0,1.7000,a45beab0c878,1ad887406419,49.2418,58.2933,<55,55-<60,55:'up',57.8997,61.0466,55-<60,60-<65,60:'up'
2026-03-11,Middlesbrough,Charlton Athletic,home,away,0,1.4000,a45beab0c878,1ad887406419,64.2537,71.0394,60-<65,65-<80,65:'up',73.6775,74.5874,65-<80,65-<80,
2026-03-12,Cruz Azul W,Necaxa W,home,home,1,1.0300,a45beab0c878,1ad887406419,76.7169,82.6130,65-<80,>=80,80:'up',84.9097,85.9876,>=80,>=80,
2026-03-12,Nottingham Forest,Midtjylland,home,away,0,5.2500,a45beab0c878,1ad887406419,58.6007,65.2576,55-<60,65-<80,60:'up'|65:'up',68.0048,68.5458,65-<80,65-<80,
2026-03-13,Bohemians FC,Galway United,home,home,1,1.6700,a45beab0c878,1ad887406419,54.6490,62.8670,<55,60-<65,55:'up'|60:'up',63.8417,65.9958,60-<65,65-<80,65:'up'
2026-03-13,Diosgyori VTK,Kazincbarcikai SC,home,away,0,1.6800,a45beab0c878,1ad887406419,49.9568,57.3686,<55,55-<60,55:'up',58.7009,60.0361,55-<60,60-<65,60:'up'
2026-03-13,FC Rouen,Stade Briochin,home,home,1,1.5300,a45beab0c878,1ad887406419,63.0176,69.4836,60-<65,65-<80,65:'up',72.4665,72.9809,65-<80,65-<80,
2026-03-13,Mazatlán W,Monterrey W,away,away,1,1.0700,a45beab0c878,1ad887406419,61.9885,66.5431,60-<65,65-<80,65:'up',71.4456,69.9054,65-<80,65-<80,
2026-03-13,Nam Dinh FC,Thanh Hoa FC,home,home,1,5.2500,a45beab0c878,1ad887406419,50.6394,59.5057,<55,55-<60,55:'up',59.4615,62.3668,55-<60,60-<65,60:'up'
2026-03-13,Pachuca W,Tijuana W,home,home,1,1.1800,a45beab0c878,1ad887406419,63.3919,72.1213,60-<65,65-<80,65:'up',72.8349,75.6956,65-<80,65-<80,
2026-03-13,Paradou AC,MC Alger,away,away,1,1.8000,a45beab0c878,1ad887406419,54.1890,58.7768,<55,55-<60,55:'up',63.3470,61.5737,60-<65,60-<65,
2026-03-14,Arsenal,Everton,home,home,1,1.3300,a45beab0c878,1ad887406419,54.8567,64.0798,<55,60-<65,55:'up'|60:'up',64.0643,67.2930,60-<65,65-<80,65:'up'
2026-03-14,Atlético Madrid,Getafe,home,home,1,1.6000,a45beab0c878,1ad887406419,50.5922,58.7124,<55,55-<60,55:'up',59.4091,61.5036,55-<60,60-<65,60:'up'
2026-03-14,Bayer Leverkusen,Bayern Munich,away,draw,0,1.5700,a45beab0c878,1ad887406419,53.4846,58.5357,<55,55-<60,55:'up',62.5855,61.3110,60-<65,60-<65,
2026-03-14,Borussia Dortmund,Augsburg,home,home,1,1.4000,a45beab0c878,1ad887406419,58.0608,66.4780,55-<60,65-<80,60:'up'|65:'up',67.4454,69.8367,65-<80,65-<80,
2026-03-14,CD Marathón,Lobos UPNFM,home,home,1,1.4900,a45beab0c878,1ad887406419,56.4365,65.0838,55-<60,65-<80,60:'up'|65:'up',65.7442,68.3614,65-<80,65-<80,
2026-03-14,Chelsea,Newcastle United,home,away,0,1.8000,a45beab0c878,1ad887406419,48.4682,57.1459,<55,55-<60,55:'up',57.0277,59.7924,55-<60,55-<60,
2026-03-14,FC Thun,Grasshoppers,home,home,1,1.5700,a45beab0c878,1ad887406419,62.0699,69.8557,60-<65,65-<80,65:'up',71.5267,73.3665,65-<80,65-<80,
2026-03-14,Inter,Atalanta,home,draw,0,1.5300,a45beab0c878,1ad887406419,54.2765,63.2221,<55,60-<65,55:'up'|60:'up',63.4412,66.3763,60-<65,65-<80,65:'up'
2026-03-14,Jagiellonia,Piast Gliwice,home,away,0,1.7500,a45beab0c878,1ad887406419,54.1839,62.0192,<55,60-<65,55:'up'|60:'up',63.3415,65.0850,60-<65,65-<80,65:'up'
2026-03-14,Stratford Town,Royston Town,home,home,1,1.6000,a45beab0c878,1ad887406419,48.4333,55.9869,<55,55-<60,55:'up',56.9883,58.5209,55-<60,55-<60,
2026-03-14,Udinese,Juventus,away,away,1,1.5700,a45beab0c878,1ad887406419,56.8959,62.1118,55-<60,60-<65,60:'up',66.2281,65.1847,65-<80,65-<80,
2026-03-15,Genclerbirligi,Besiktas,away,away,1,1.6000,a45beab0c878,1ad887406419,55.5320,60.9382,55-<60,60-<65,60:'up',64.7854,63.9192,60-<65,60-<65,
2026-03-15,Lazio,Milan,away,home,0,1.9500,a45beab0c878,1ad887406419,48.6325,52.0231,<55,<55,,57.2134,54.1426,55-<60,<55,55:down
2026-03-15,Le Havre,Lyon,away,draw,0,1.9100,a45beab0c878,1ad887406419,54.5566,57.5499,<55,55-<60,55:'up',63.7424,60.2345,60-<65,60-<65,
2026-03-15,Liverpool,Tottenham,home,draw,0,1.3300,a45beab0c878,1ad887406419,63.9077,72.0974,60-<65,65-<80,65:'up',73.3402,75.6712,65-<80,65-<80,
2026-03-15,Manchester United,Aston Villa,home,home,1,1.7200,a45beab0c878,1ad887406419,48.6839,57.1294,<55,55-<60,55:'up',57.2714,59.7742,55-<60,55-<60,
2026-03-15,Porto,Moreirense FC,home,home,1,1.1800,a45beab0c878,1ad887406419,63.3697,71.3049,60-<65,65-<80,65:'up',72.8132,74.8601,65-<80,65-<80,
2026-03-15,River Plate,Sarmiento Junín,home,home,1,1.4800,a45beab0c878,1ad887406419,53.8963,61.1681,<55,60-<65,55:'up'|60:'up',63.0311,64.1675,60-<65,60-<65,
2026-03-15,Sparta Praha,Slovacko,home,home,1,1.2000,a45beab0c878,1ad887406419,61.7817,69.7793,60-<65,65-<80,65:'up',71.2390,73.2873,65-<80,65-<80,
2026-03-16,Club América,Mazatlan FC,home,home,1,1.3800,a45beab0c878,1ad887406419,55.2507,63.4148,55-<60,60-<65,60:'up',64.4857,66.5826,60-<65,65-<80,65:'up'
2026-03-16,Dundalk FC,Sligo Rovers,home,home,1,1.6200,a45beab0c878,1ad887406419,54.9433,62.4640,<55,60-<65,55:'up'|60:'up',64.1571,65.5633,60-<65,65-<80,65:'up'
2026-03-16,Sanlıurfaspor,Altınordu SK,home,draw,0,1.2700,a45beab0c878,1ad887406419,61.0393,68.3711,60-<65,65-<80,65:'up',70.4938,71.8231,65-<80,65-<80,
2026-03-17,América W,Toluca W,home,home,1,5.3900,a45beab0c878,1ad887406419,54.1319,63.7265,<55,60-<65,55:'up'|60:'up',63.2854,66.9158,60-<65,65-<80,65:'up'
2026-03-17,Fenerbahçe,Gaziantep,home,home,1,1.2000,a45beab0c878,1ad887406419,57.3251,66.0461,55-<60,65-<80,60:'up'|65:'up',66.6782,69.3807,65-<80,65-<80,
2026-03-17,León W,Mazatlán W,home,away,0,1.3000,a45beab0c878,1ad887406419,59.6910,68.1194,55-<60,65-<80,60:'up'|65:'up',69.1254,71.5602,65-<80,65-<80,
2026-03-18,Barcelona,Newcastle United,home,home,1,1.5500,a45beab0c878,1ad887406419,62.0395,69.7740,60-<65,65-<80,65:'up',71.4964,73.2818,65-<80,65-<80,
2026-03-18,Bayern Munich,Atalanta,home,home,1,1.3000,a45beab0c878,1ad887406419,63.2227,70.4652,60-<65,65-<80,65:'up',72.6686,73.9962,65-<80,65-<80,
2026-03-18,Eyüpspor,Trabzonspor,away,away,1,1.6200,a45beab0c878,1ad887406419,61.4454,65.0286,60-<65,65-<80,65:'up',70.9022,68.3029,65-<80,65-<80,
2026-03-18,Karmiotissa,Ayia Napa,home,home,1,1.1500,a45beab0c878,1ad887406419,63.4481,70.8933,60-<65,65-<80,65:'up',72.8902,74.4372,65-<80,65-<80,
2026-03-18,Milton Keynes Dons,Colchester Utd,home,home,1,1.7000,a45beab0c878,1ad887406419,48.9867,57.0637,<55,55-<60,55:'up',57.6127,59.7023,55-<60,55-<60,
2026-03-18,Rayo Zuliano,Deportivo Tachira,away,draw,0,1.5800,a45beab0c878,1ad887406419,58.4740,62.5238,55-<60,60-<65,60:'up',67.8737,65.6275,65-<80,65-<80,
2026-03-18,Sporting Braga,Ferencvaros,home,home,1,1.5000,a45beab0c878,1ad887406419,49.3729,57.5462,<55,55-<60,55:'up',58.0470,60.2304,55-<60,60-<65,60:'up'
2026-03-19,Aston Villa,Lille,home,home,1,1.6500,a45beab0c878,1ad887406419,51.2511,58.6468,<55,55-<60,55:'up',60.1395,61.4320,60-<65,60-<65,
2026-03-19,Besiktas,Kasımpasa SK,home,home,1,1.3700,a45beab0c878,1ad887406419,60.4243,67.9664,60-<65,65-<80,65:'up',69.8720,71.4001,65-<80,65-<80,
2026-03-19,Rayo Vallecano,Samsunspor,home,away,0,1.6000,a45beab0c878,1ad887406419,52.7676,60.4377,<55,60-<65,55:'up'|60:'up',61.8054,63.3777,60-<65,60-<65,
2026-03-19,Real Betis,Panathinaikos,home,home,1,1.3800,a45beab0c878,1ad887406419,58.8371,66.6726,55-<60,65-<80,60:'up'|65:'up',68.2488,70.0418,65-<80,65-<80,
2026-03-19,Spartak Varna,Ludogorets,away,away,1,1.2200,a45beab0c878,1ad887406419,71.2203,75.0567,65-<80,65-<80,,80.1813,78.6621,>=80,65-<80,80:down
2026-03-20,Amiens,Le Mans FC,away,away,1,1.9000,a45beab0c878,1ad887406419,52.5831,55.5316,<55,55-<60,55:'up',61.6039,58.0203,60-<65,55-<60,60:down
2026-03-20,Bohemians FC,Dundalk FC,home,draw,0,3.6000,a45beab0c878,1ad887406419,45.4711,53.3518,<55,<55,,53.6012,55.6149,<55,55-<60,55:'up'
2026-03-20,Cagliari,Napoli,away,away,1,1.7500,a45beab0c878,1ad887406419,54.4897,58.1369,<55,55-<60,55:'up',63.6706,60.8759,60-<65,60-<65,
2026-03-20,SGS Essen W,Bayern Munich W,away,away,1,1.0400,a45beab0c878,1ad887406419,78.5001,81.6553,65-<80,>=80,80:'up',86.3636,85.0870,>=80,>=80,
2026-03-20,Shamrock Rovers,Galway United,home,home,1,1.5700,a45beab0c878,1ad887406419,59.4478,66.1374,55-<60,65-<80,60:'up'|65:'up',68.8765,69.4772,65-<80,65-<80,
2026-03-21,Borussia Dortmund,Hamburger SV,home,home,1,1.4400,a45beab0c878,1ad887406419,64.3590,71.8249,60-<65,65-<80,65:'up',73.7799,75.3928,65-<80,65-<80,
2026-03-21,Fulham,Burnley,home,home,1,1.5000,a45beab0c878,1ad887406419,58.0680,65.4716,55-<60,65-<80,60:'up'|65:'up',67.4528,68.7728,65-<80,65-<80,
2026-03-21,Jagiellonia,Wisla Plock,home,away,0,1.5700,a45beab0c878,1ad887406419,49.5636,57.0955,<55,55-<60,55:'up',58.2609,59.7371,55-<60,55-<60,
2026-03-21,Levski Sofia,Cherno More Varna,home,home,1,1.3600,a45beab0c878,1ad887406419,51.2414,59.2634,<55,55-<60,55:'up',60.1287,62.1033,60-<65,60-<65,
2026-03-21,Oldham Athletic,Harrogate Town,home,home,1,1.6100,a45beab0c878,1ad887406419,52.4663,59.7111,<55,55-<60,55:'up',61.4762,62.5898,60-<65,60-<65,
2026-03-21,Panargiakos,Ilioupoli,away,draw,0,1.6800,a45beab0c878,1ad887406419,49.3730,51.2657,<55,<55,,58.0471,53.3015,55-<60,<55,55:down
2026-03-21,SV Elversberg,Arminia Bielefeld,home,home,1,1.9500,a45beab0c878,1ad887406419,45.7458,53.1693,<55,<55,,53.9184,55.4130,<55,55-<60,55:'up'
2026-03-21,Zürich,FC Thun,away,home,0,1.6500,a45beab0c878,1ad887406419,56.3641,61.3491,55-<60,60-<65,60:'up',65.6679,64.3629,65-<80,60-<65,65:down
2026-03-22,Aston Villa,West Ham,home,home,1,1.7200,a45beab0c878,1ad887406419,53.3759,61.0788,<55,60-<65,55:'up'|60:'up',62.4675,64.0711,60-<65,60-<65,
2026-03-22,Celta Vigo,Deportivo Alavés,home,away,0,2.0000,a45beab0c878,1ad887406419,51.3249,58.8209,<55,55-<60,55:'up',60.2211,61.6217,60-<65,60-<65,
2026-03-22,Deportivo Tachira,Estudiantes FC,home,home,1,1.3800,a45beab0c878,1ad887406419,49.5063,57.8319,<55,55-<60,55:'up',58.1966,60.5428,55-<60,60-<65,60:'up'
2026-03-22,Portuguesa,Rayo Zuliano,home,draw,0,1.5300,a45beab0c878,1ad887406419,45.1449,52.8462,<55,<55,,53.2237,55.0552,<55,55-<60,55:'up'
2026-03-23,Estudiantes La Plata,Central Córdoba SdE,home,home,1,1.5300,a45beab0c878,1ad887406419,53.1129,60.0439,<55,60-<65,55:'up'|60:'up',62.1816,62.9509,60-<65,60-<65,
2026-03-23,Juticalpa,CD Olimpia,away,away,1,1.2700,a45beab0c878,1ad887406419,59.8422,64.7895,55-<60,60-<65,60:'up',69.2797,68.0488,65-<80,65-<80,
2026-03-23,Salernitana,Team Altamura,home,home,1,1.5500,a45beab0c878,1ad887406419,57.3301,63.8106,55-<60,60-<65,60:'up',66.6834,67.0057,65-<80,65-<80,
2026-03-24,Antigua GFC,CD Marquense,home,home,1,1.5500,a45beab0c878,1ad887406419,59.9927,67.9734,55-<60,65-<80,60:'up'|65:'up',69.4332,71.4074,65-<80,65-<80,
2026-03-25,Atlético Tucumán,Sportivo Barracas,home,home,1,1.2500,a45beab0c878,1ad887406419,50.5763,57.9978,<55,55-<60,55:'up',59.3914,60.7240,55-<60,60-<65,60:'up'
2026-03-25,Batman Petrolspor,Sanlıurfaspor,home,home,1,1.3600,a45beab0c878,1ad887406419,47.8120,56.5806,<55,55-<60,55:'up',56.2840,59.1727,55-<60,55-<60,
2026-03-26,Afghanistan,Myanmar,away,away,1,2.0000,a45beab0c878,1ad887406419,48.6725,51.7143,<55,<55,,57.2586,53.7998,55-<60,<55,55:down
2026-03-26,Slovakia,Kosovo,home,away,0,2.3700,a45beab0c878,1ad887406419,51.3997,58.9578,<55,55-<60,55:'up',60.3037,61.7708,60-<65,60-<65,
2026-03-27,Cyprus U21,Spain U21,away,away,1,1.0800,a45beab0c878,1ad887406419,78.6572,81.0727,65-<80,>=80,80:'up',86.4898,84.5349,>=80,>=80,
2026-03-27,Córdoba,Mirandés,home,draw,0,1.5700,a45beab0c878,1ad887406419,50.7558,58.0322,<55,55-<60,55:'up',59.5908,60.7616,55-<60,60-<65,60:'up'
2026-03-27,FC Helsingor,Vendsyssel FF,away,away,1,2.3500,a45beab0c878,1ad887406419,51.8553,54.3863,<55,<55,,60.8058,56.7581,60-<65,55-<60,60:down
2026-03-27,Gibraltar U21,Bulgaria U21,away,away,1,1.0900,a45beab0c878,1ad887406419,73.9959,76.1988,65-<80,65-<80,,82.6149,79.7995,>=80,65-<80,80:down
2026-03-27,Glenorchy Knights,South Hobart,away,away,1,1.3300,a45beab0c878,1ad887406419,57.4128,62.0173,55-<60,60-<65,60:'up',66.7700,65.0830,65-<80,65-<80,
2026-03-27,Olimpia Grudziadz,ŁKS Łódź II,home,home,1,1.4200,a45beab0c878,1ad887406419,59.4909,66.8870,55-<60,65-<80,60:'up'|65:'up',68.9206,70.2675,65-<80,65-<80,
2026-03-27,Poland U21,Armenia U21,home,home,1,1.1200,a45beab0c878,1ad887406419,75.9100,81.8537,65-<80,>=80,80:'up',84.2387,85.2742,>=80,>=80,
2026-03-28,AFC Fylde,Darlington 1883,home,home,1,1.4800,a45beab0c878,1ad887406419,45.5671,54.2741,<55,<55,,53.7121,56.6343,<55,55-<60,55:'up'
2026-03-28,Atlas W,Necaxa W,home,home,1,1.2200,a45beab0c878,1ad887406419,57.5513,65.6267,55-<60,65-<80,60:'up'|65:'up',66.9147,68.9371,65-<80,65-<80,
2026-03-28,Cruz Azul W,Puebla W,home,home,1,1.1000,a45beab0c878,1ad887406419,70.4709,76.8335,65-<80,65-<80,,79.5086,80.4272,65-<80,>=80,80:'up'
2026-03-28,Harrogate Town,Notts County,away,away,1,1.8500,a45beab0c878,1ad887406419,54.0086,56.9009,<55,55-<60,55:'up',63.1524,59.5239,60-<65,55-<60,60:down
2026-03-28,Truro City,Boreham Wood,away,draw,0,1.6100,a45beab0c878,1ad887406419,63.5215,67.9500,60-<65,65-<80,65:'up',72.9622,71.3829,65-<80,65-<80,
2026-03-29,CD Basconia,CD Alfaro,home,home,1,4.1000,a45beab0c878,1ad887406419,50.9846,58.8407,<55,55-<60,55:'up',59.8445,61.6433,55-<60,60-<65,60:'up'
2026-03-29,Chelsea W,Aston Villa W,home,home,1,1.2000,a45beab0c878,1ad887406419,63.3205,70.5783,60-<65,65-<80,65:'up',72.7648,74.1128,65-<80,65-<80,
2026-03-29,Gimnasia y Tiro,Central Norte Salta,home,away,0,1.8300,a45beab0c878,1ad887406419,50.5881,56.6398,<55,55-<60,55:'up',59.4046,59.2377,55-<60,55-<60,
2026-03-29,Real Madrid W,Barcelona W,away,away,1,1.2000,a45beab0c878,1ad887406419,56.9019,61.2594,55-<60,60-<65,60:'up',66.2344,64.2661,65-<80,60-<65,65:down
2026-03-29,Ulverstone,Riverside Olympic,away,away,1,1.2500,a45beab0c878,1ad887406419,50.7645,55.3883,<55,55-<60,55:'up',59.6005,57.8625,55-<60,55-<60,
2026-03-30,France U21,Iceland U21,home,home,1,1.2000,a45beab0c878,1ad887406419,57.8256,65.6999,55-<60,65-<80,60:'up'|65:'up',67.2007,69.0146,65-<80,65-<80,
2026-03-31,AFC Fylde,Marine,home,home,1,1.2700,a45beab0c878,1ad887406419,64.9130,71.5226,60-<65,65-<80,65:'up',74.3165,75.0833,65-<80,65-<80,
2026-03-31,Bulgaria U21,Azerbaijan U21,home,draw,0,1.2700,a45beab0c878,1ad887406419,52.0706,59.9242,<55,55-<60,55:'up',61.0424,62.8211,60-<65,60-<65,
2026-03-31,Deportivo La Coruña,Córdoba,home,home,1,1.9000,a45beab0c878,1ad887406419,49.6420,56.8345,<55,55-<60,55:'up',58.3488,59.4512,55-<60,55-<60,
2026-03-31,England U21,Moldova U21,home,home,1,1.0400,a45beab0c878,1ad887406419,75.7288,81.8153,65-<80,>=80,80:'up',84.0869,85.2380,>=80,>=80,
2026-03-31,Georgia U21,Malta U21,home,home,1,1.1600,a45beab0c878,1ad887406419,62.3717,69.8342,60-<65,65-<80,65:'up',71.8271,73.3442,65-<80,65-<80,
2026-03-31,Portugal U21,Scotland U21,home,home,1,1.2200,a45beab0c878,1ad887406419,60.5296,68.1873,60-<65,65-<80,65:'up',69.9788,71.6311,65-<80,65-<80,
2026-03-31,Romania U21,San Marino U21,home,home,1,1.0100,a45beab0c878,1ad887406419,75.7300,81.7185,65-<80,>=80,80:'up',84.0879,85.1467,>=80,>=80,
2026-03-31,Switzerland U21,Estonia U21,home,home,1,1.1100,a45beab0c878,1ad887406419,70.3711,77.1528,65-<80,65-<80,,79.4184,80.7419,65-<80,>=80,80:'up'
2026-03-31,Syria,Afghanistan,home,home,1,1.0600,a45beab0c878,1ad887406419,69.7611,76.6304,65-<80,65-<80,,78.8653,80.2267,65-<80,>=80,80:'up'
2026-04-01,Burgos CF,AD Ceuta,home,draw,0,4.5000,a45beab0c878,1ad887406419,46.2760,53.1102,<55,<55,,54.5288,55.3475,<55,55-<60,55:'up'
2026-04-01,CD Águila,Fuerte San Francisco,home,draw,0,1.4000,a45beab0c878,1ad887406419,54.6769,61.9593,<55,60-<65,55:'up'|60:'up',63.8716,65.0205,60-<65,65-<80,65:'up'
2026-04-01,Cobán Imperial,Aurora,home,draw,0,1.5300,a45beab0c878,1ad887406419,61.1657,67.9521,60-<65,65-<80,65:'up',70.6211,71.3852,65-<80,65-<80,
2026-04-01,Hertha Zehlendorf,Carl Zeiss Jena,away,away,1,1.3600,a45beab0c878,1ad887406419,58.4243,61.4993,55-<60,60-<65,60:'up',67.8224,64.5249,65-<80,60-<65,65:down
2026-04-01,MC Alger,USM Alger,home,home,1,1.6600,a45beab0c878,1ad887406419,51.0231,57.2526,<55,55-<60,55:'up',59.8872,59.9092,55-<60,55-<60,
2026-04-01,Racing Santander,Sporting Gijón,home,home,1,1.8300,a45beab0c878,1ad887406419,49.8553,57.0142,<55,55-<60,55:'up',58.5874,59.6481,55-<60,55-<60,
2026-04-02,América W,Atlas W,home,home,1,1.0400,a45beab0c878,1ad887406419,75.5608,81.6746,65-<80,>=80,80:'up',83.9458,85.1052,>=80,>=80,
2026-04-02,Bayswater City,Fremantle City,home,draw,0,1.5300,a45beab0c878,1ad887406419,46.4177,54.1366,<55,<55,,54.6915,56.4825,<55,55-<60,55:'up'
2026-04-02,Cleethorpes Town,Stocksbridge PS,home,home,1,1.5700,a45beab0c878,1ad887406419,49.3961,56.6211,<55,55-<60,55:'up',58.0731,59.2172,55-<60,55-<60,
2026-04-02,FAR Rabat,Olympique Dcheira,home,home,1,1.1800,a45beab0c878,1ad887406419,58.3553,65.2831,55-<60,65-<80,60:'up'|65:'up',67.7509,68.5729,65-<80,65-<80,
2026-04-02,Real Acerrana,Sarnese,away,away,1,1.2000,a45beab0c878,1ad887406419,53.8063,56.7357,<55,55-<60,55:'up',62.9338,59.3429,60-<65,55-<60,60:down
2026-04-02,San Luigi,Legnago Salus,away,draw,0,1.6100,a45beab0c878,1ad887406419,52.9847,57.6194,<55,55-<60,55:'up',62.0421,60.3105,60-<65,60-<65,
2026-04-03,AC Este,Calvi Noale,home,away,0,2.0000,a45beab0c878,1ad887406419,46.1680,53.0751,<55,<55,,54.4047,55.3086,<55,55-<60,55:'up'
2026-04-03,Finn Harps,Cork City,away,draw,0,1.4000,a45beab0c878,1ad887406419,58.6201,62.1986,55-<60,60-<65,60:'up',68.0248,65.2780,65-<80,65-<80,
2026-04-03,Gimnasia Mendoza,Vélez Sársfield,away,home,0,2.2500,a45beab0c878,1ad887406419,47.0362,50.4094,<55,<55,,55.4000,52.3490,55-<60,<55,55:down
2026-04-03,Guadalajara W,Mazatlán W,home,home,1,1.1200,a45beab0c878,1ad887406419,69.6809,76.6343,65-<80,65-<80,,78.7922,80.2306,65-<80,>=80,80:'up'
2026-04-03,Palmeiras,Grêmio,home,home,1,1.5500,a45beab0c878,1ad887406419,55.7839,63.6059,55-<60,60-<65,60:'up',65.0534,66.7870,65-<80,65-<80,
2026-04-03,Pendikspor,Hatayspor,home,home,1,1.0500,a45beab0c878,1ad887406419,75.7120,81.4032,65-<80,>=80,80:'up',84.0728,84.8485,>=80,>=80,
2026-04-03,Stoke City,Sheffield Wednesday,home,home,1,1.4400,a45beab0c878,1ad887406419,56.9613,64.6158,55-<60,60-<65,60:'up',66.2969,67.8640,65-<80,65-<80,
2026-04-03,Woking,Eastleigh,home,draw,0,1.6600,a45beab0c878,1ad887406419,55.1683,62.7479,55-<60,60-<65,60:'up',64.3977,65.8680,60-<65,65-<80,65:'up'
2026-04-04,Arda Kardzhali,Montana,home,home,1,1.4800,a45beab0c878,1ad887406419,60.8316,67.8306,60-<65,65-<80,65:'up',70.2843,71.2581,65-<80,65-<80,
2026-04-04,Beitar Jerusalem,Ironi Tiberias,home,home,1,1.3300,a45beab0c878,1ad887406419,57.3941,65.9199,55-<60,65-<80,60:'up'|65:'up',66.7504,69.2473,65-<80,65-<80,
2026-04-04,Borussia M'gladbach,Heidenheim,home,draw,0,1.6000,a45beab0c878,1ad887406419,51.3824,58.8423,<55,55-<60,55:'up',60.2845,61.6450,60-<65,60-<65,
2026-04-04,Chelsea,Port Vale,home,home,1,1.0700,a45beab0c878,1ad887406419,74.0778,80.3750,65-<80,>=80,80:'up',82.6852,83.8695,>=80,>=80,
2026-04-04,Club Necaxa,Mazatlan FC,home,home,1,1.6000,a45beab0c878,1ad887406419,50.4630,58.3709,<55,55-<60,55:'up',59.2654,61.1312,55-<60,60-<65,60:'up'
2026-04-04,Escorpiones Belén,Aserrí,home,home,1,1.2800,a45beab0c878,1ad887406419,57.6918,66.4015,55-<60,65-<80,60:'up'|65:'up',67.0612,69.7560,65-<80,65-<80,
2026-04-04,Hansa Rostock,Viktoria Köln,home,away,0,1.6500,a45beab0c878,1ad887406419,47.1416,55.8064,<55,55-<60,55:'up',55.5204,58.3224,55-<60,55-<60,
2026-04-04,Moreirense FC,Sporting Braga,away,away,1,1.4800,a45beab0c878,1ad887406419,56.7968,60.8413,55-<60,60-<65,60:'up',66.1239,63.8144,65-<80,60-<65,65:down
2026-04-04,Porto,FC Famalicão,home,draw,0,1.4200,a45beab0c878,1ad887406419,54.0971,62.8248,<55,60-<65,55:'up'|60:'up',63.2478,65.9506,60-<65,65-<80,65:'up'
2026-04-04,Real Mallorca,Real Madrid,away,home,0,1.5300,a45beab0c878,1ad887406419,61.2435,66.2131,60-<65,65-<80,65:'up',70.6993,69.5572,65-<80,65-<80,
2026-04-04,Real Sociedad,Levante,home,home,1,1.6000,a45beab0c878,1ad887406419,57.0025,65.3176,55-<60,65-<80,60:'up'|65:'up',66.3401,68.6095,65-<80,65-<80,
2026-04-04,Slask Wroclaw,Pogoń Siedlce,home,home,1,1.6600,a45beab0c878,1ad887406419,54.3732,62.2174,<55,60-<65,55:'up'|60:'up',63.5454,65.2983,60-<65,65-<80,65:'up'
2026-04-04,Southampton,Arsenal,away,home,0,1.4200,a45beab0c878,1ad887406419,60.7940,65.7219,60-<65,65-<80,65:'up',70.2462,69.0379,65-<80,65-<80,
2026-04-04,Strasbourg,Nice,home,home,1,1.9000,a45beab0c878,1ad887406419,45.5859,53.0729,<55,<55,,53.7338,55.3062,<55,55-<60,55:'up'
2026-04-05,Angers,Lyon,away,draw,0,1.5500,a45beab0c878,1ad887406419,47.9809,52.3286,<55,<55,,56.4758,54.4815,55-<60,<55,55:down
2026-04-05,Dundee,Celtic,away,away,1,1.4800,a45beab0c878,1ad887406419,59.5697,64.5156,55-<60,60-<65,60:'up',69.0013,67.7574,65-<80,65-<80,
2026-04-05,Eibar,AD Ceuta,home,home,1,1.5700,a45beab0c878,1ad887406419,47.8102,55.2291,<55,55-<60,55:'up',56.2819,57.6872,55-<60,55-<60,
2026-04-05,Farul Constanta,Unirea Slobozia,home,away,0,1.5500,a45beab0c878,1ad887406419,49.3016,56.5961,<55,55-<60,55:'up',57.9669,59.1897,55-<60,55-<60,
2026-04-05,Flamengo,Santos,home,home,1,1.4000,a45beab0c878,1ad887406419,53.4618,61.3635,<55,60-<65,55:'up'|60:'up',62.5607,64.3784,60-<65,60-<65,
2026-04-05,Getafe B,Colonia Moscardó,home,away,0,,a45beab0c878,1ad887406419,60.6685,67.8149,60-<65,65-<80,65:'up',70.1193,71.2415,65-<80,65-<80,
2026-04-05,Las Palmas,Huesca,home,home,1,1.4800,a45beab0c878,1ad887406419,58.7792,66.0290,55-<60,65-<80,60:'up'|65:'up',68.1891,69.3627,65-<80,65-<80,
2026-04-05,Ludogorets,CSKA 1948,home,home,1,4.2000,a45beab0c878,1ad887406419,55.1919,63.9995,55-<60,60-<65,60:'up',64.4229,67.2073,60-<65,65-<80,65:'up'
2026-04-05,Nasarawa Utd,Kun Khalifa,home,away,0,1.4400,a45beab0c878,1ad887406419,62.6151,69.7016,60-<65,65-<80,65:'up',72.0686,73.2068,65-<80,65-<80,
2026-04-05,Olancho,Atlético Choloma,home,home,1,1.5000,a45beab0c878,1ad887406419,51.0185,58.6666,<55,55-<60,55:'up',59.8821,61.4537,55-<60,60-<65,60:'up'
2026-04-05,PAOK,Panathinaikos,home,draw,0,5.7500,a45beab0c878,1ad887406419,48.8332,57.0582,<55,55-<60,55:'up',57.4399,59.6962,55-<60,55-<60,
2026-04-05,Schalke 04,Karlsruher SC,home,home,1,1.4800,a45beab0c878,1ad887406419,55.9509,64.1493,55-<60,60-<65,60:'up',65.2305,67.3671,65-<80,65-<80,
2026-04-05,Suwon Bluewings,Cheongju FC,home,draw,0,1.4000,a45beab0c878,1ad887406419,54.0838,62.0048,<55,60-<65,55:'up'|60:'up',63.2335,65.0695,60-<65,65-<80,65:'up'
2026-04-06,AFC Fylde,Radcliffe Borough,home,home,1,5.0000,a45beab0c878,1ad887406419,59.5492,69.2917,55-<60,65-<80,60:'up'|65:'up',68.9803,72.7817,65-<80,65-<80,
2026-04-06,Bali United Pusam,PSBS Biak Numfor,home,home,1,1.2800,a45beab0c878,1ad887406419,59.8374,67.4741,55-<60,65-<80,60:'up'|65:'up',69.2748,70.8843,65-<80,65-<80,
2026-04-06,Cheltenham,Cambridge Utd,away,draw,0,1.6100,a45beab0c878,1ad887406419,57.2040,61.7561,55-<60,60-<65,60:'up',66.5514,64.8017,65-<80,60-<65,65:down
2026-04-06,Farnham Town,Bracknell Town,home,away,0,1.3600,a45beab0c878,1ad887406419,49.9321,58.3014,<55,55-<60,55:'up',58.6733,61.0554,55-<60,60-<65,60:'up'
2026-04-06,Juventus,Genoa,home,home,1,1.4000,a45beab0c878,1ad887406419,62.4352,70.3702,60-<65,65-<80,65:'up',71.8901,73.8983,65-<80,65-<80,
2026-04-06,Kristiansund BK,Bodo/Glimt,away,away,1,1.2500,a45beab0c878,1ad887406419,55.7565,61.0852,55-<60,60-<65,60:'up',65.0242,64.0780,65-<80,60-<65,65:down
2026-04-06,Lecce,Atalanta,away,away,1,1.6500,a45beab0c878,1ad887406419,52.7416,57.1711,<55,55-<60,55:'up',61.7770,59.8199,60-<65,55-<60,60:down
2026-04-06,Notts County,Newport County,home,home,1,1.5700,a45beab0c878,1ad887406419,63.3107,70.7093,60-<65,65-<80,65:'up',72.7551,74.2479,65-<80,65-<80,
2026-04-06,St Gallen,Zürich,home,home,1,1.4500,a45beab0c878,1ad887406419,62.4196,70.3464,60-<65,65-<80,65:'up',71.8747,73.8736,65-<80,65-<80,
2026-04-06,Tromso,Rosenborg BK,home,home,1,1.6100,a45beab0c878,1ad887406419,55.7302,63.8930,55-<60,60-<65,60:'up',64.9963,67.0936,60-<65,65-<80,65:'up'
2026-04-07,Bromley FC,Shrewsbury,home,home,1,1.5000,a45beab0c878,1ad887406419,57.1216,64.3659,55-<60,60-<65,60:'up',66.4651,67.5979,65-<80,65-<80,
2026-04-07,Deportivo Guastatoya,Deportivo Achuapa,home,home,1,1.4800,a45beab0c878,1ad887406419,50.4504,57.3433,<55,55-<60,55:'up',59.2514,60.0084,55-<60,60-<65,60:'up'
2026-04-07,FC Aarau,Étoile Carouge,home,away,0,1.4500,a45beab0c878,1ad887406419,57.2832,65.3791,55-<60,65-<80,60:'up'|65:'up',66.6343,68.6747,65-<80,65-<80,
2026-04-07,FC Vaduz,AC Bellinzona,home,home,1,1.2500,a45beab0c878,1ad887406419,71.0075,77.7719,65-<80,65-<80,,79.9909,81.3495,65-<80,>=80,80:'up'
2026-04-07,Orlando Pirates,Golden Arrows,home,home,1,1.1800,a45beab0c878,1ad887406419,62.1797,70.1864,60-<65,65-<80,65:'up',71.6361,73.7084,65-<80,65-<80,
2026-04-07,Vélez Sársfield,Deportivo Armenio,home,home,1,4.2000,a45beab0c878,1ad887406419,46.6772,55.2362,<55,55-<60,55:'up',54.9892,57.6950,<55,55-<60,55:'up'
2026-04-08,Barcelona,Atlético Madrid,home,away,0,1.5000,a45beab0c878,1ad887406419,53.5713,62.0711,<55,60-<65,55:'up'|60:'up',62.6794,65.1408,60-<65,65-<80,65:'up'
2026-04-09,Fratria,Lokomotiv Gorna O.,home,home,1,1.3000,a45beab0c878,1ad887406419,54.6968,63.2486,<55,60-<65,55:'up'|60:'up',63.8930,66.4047,60-<65,65-<80,65:'up'
2026-04-09,Hapoel Beer Sheva,Bnei Yehuda,home,draw,0,5.5000,a45beab0c878,1ad887406419,59.9052,68.6122,55-<60,65-<80,60:'up'|65:'up',69.3441,72.0746,65-<80,65-<80,
2026-04-09,Juticalpa,Olancho,away,away,1,1.7000,a45beab0c878,1ad887406419,52.9389,58.2810,<55,55-<60,55:'up',61.9921,61.0332,60-<65,60-<65,
2026-04-09,Levski Sofia,Arda Kardzhali,home,home,1,1.4200,a45beab0c878,1ad887406419,53.1096,61.4199,<55,60-<65,55:'up'|60:'up',62.1780,64.4393,60-<65,60-<65,
2026-04-09,Ludogorets,Cherno More Varna,home,draw,0,1.3000,a45beab0c878,1ad887406419,58.1286,66.5194,55-<60,65-<80,60:'up'|65:'up',67.5158,69.8804,65-<80,65-<80,
2026-04-10,Besiktas,Antalyaspor,home,home,1,1.3300,a45beab0c878,1ad887406419,64.0503,71.8411,60-<65,65-<80,65:'up',73.4794,75.4093,65-<80,65-<80,
2026-04-10,CSKA 1948,Botev Vratsa,home,home,1,1.5700,a45beab0c878,1ad887406419,49.3011,56.9340,<55,55-<60,55:'up',57.9664,59.5602,55-<60,55-<60,
2026-04-10,FC Famalicão,Moreirense FC,home,draw,0,4.2000,a45beab0c878,1ad887406419,51.9261,60.5175,<55,60-<65,55:'up'|60:'up',60.8836,63.4641,60-<65,60-<65,
2026-04-10,Ferencvaros,Diosgyori VTK,home,home,1,1.1400,a45beab0c878,1ad887406419,70.2234,77.2636,65-<80,65-<80,,79.2849,80.8508,65-<80,>=80,80:'up'
2026-04-10,Launceston United,Launceston City,away,away,1,1.1200,a45beab0c878,1ad887406419,79.4476,81.4551,65-<80,>=80,80:'up',87.1197,84.8976,>=80,>=80,
2026-04-10,MO Béjaïa,US Chaouia,home,home,1,6.0000,a45beab0c878,1ad887406419,46.3892,54.9625,<55,<55,,54.6588,57.3935,<55,55-<60,55:'up'
2026-04-10,Paris FC,Monaco,away,home,0,1.9000,a45beab0c878,1ad887406419,47.9765,52.7330,<55,<55,,56.4708,54.9297,55-<60,<55,55:down
2026-04-10,Real Madrid,Girona,home,draw,0,1.3000,a45beab0c878,1ad887406419,63.8422,72.3994,60-<65,65-<80,65:'up',73.2763,75.9792,65-<80,65-<80,
2026-04-10,Slavia Sofia,Septemvri Sofia,home,away,0,1.7000,a45beab0c878,1ad887406419,51.3761,58.6445,<55,55-<60,55:'up',60.2776,61.4296,60-<65,60-<65,
2026-04-10,Vikingur Reykjavik,Breidablik,home,draw,0,1.6500,a45beab0c878,1ad887406419,51.2955,60.6669,<55,60-<65,55:'up'|60:'up',60.1886,63.6257,60-<65,60-<65,
2026-04-11,Arsenal,Bournemouth,home,away,0,1.4800,a45beab0c878,1ad887406419,58.2244,66.7899,55-<60,65-<80,60:'up'|65:'up',67.6152,70.1653,65-<80,65-<80,
2026-04-11,Belgrano Córdoba,CA Aldosivi,home,home,1,1.4800,a45beab0c878,1ad887406419,55.6358,62.4570,55-<60,60-<65,60:'up',64.8959,65.5558,60-<65,65-<80,65:'up'
2026-04-11,Burnley,Brighton,away,away,1,1.5700,a45beab0c878,1ad887406419,51.6169,55.6978,<55,55-<60,55:'up',60.5433,58.2031,60-<65,55-<60,60:down
2026-04-11,Comunicaciones,Aurora,home,home,1,1.4200,a45beab0c878,1ad887406419,54.6555,62.3108,<55,60-<65,55:'up'|60:'up',63.8486,65.3987,60-<65,65-<80,65:'up'
2026-04-11,Kayserispor,Fenerbahçe,away,away,1,1.4800,a45beab0c878,1ad887406419,72.2913,75.4939,65-<80,65-<80,,81.1312,79.0986,>=80,65-<80,80:down
2026-04-11,Liverpool,Fulham,home,home,1,1.6600,a45beab0c878,1ad887406419,46.7350,55.6244,<55,55-<60,55:'up',55.0554,58.1224,55-<60,55-<60,
2026-04-11,Milan,Udinese,home,away,0,1.4000,a45beab0c878,1ad887406419,57.5260,66.0852,55-<60,65-<80,60:'up'|65:'up',66.8882,69.4221,65-<80,65-<80,
2026-04-11,Needham Market,Barwell FC,home,home,1,1.4800,a45beab0c878,1ad887406419,59.4230,67.3474,55-<60,65-<80,60:'up'|65:'up',68.8510,70.7515,65-<80,65-<80,
2026-04-11,Portland Timbers,Los Angeles FC,away,home,0,1.7500,a45beab0c878,1ad887406419,55.6019,61.6389,55-<60,60-<65,60:'up',64.8599,64.6754,60-<65,60-<65,
2026-04-11,Real Sociedad,Deportivo Alavés,home,draw,0,1.7200,a45beab0c878,1ad887406419,52.5594,61.1937,<55,60-<65,55:'up'|60:'up',61.5780,64.1951,60-<65,60-<65,
2026-04-11,Rennes,Angers,home,home,1,1.3600,a45beab0c878,1ad887406419,60.6730,69.1310,60-<65,65-<80,65:'up',70.1239,72.6147,65-<80,65-<80,
2026-04-11,Rochdale,Wealdstone,home,home,1,1.3000,a45beab0c878,1ad887406419,64.1593,73.0966,60-<65,65-<80,65:'up',73.5857,76.6879,65-<80,65-<80,
2026-04-12,Bologna,Lecce,home,home,1,1.8300,a45beab0c878,1ad887406419,54.0827,61.1700,<55,60-<65,55:'up'|60:'up',63.2323,64.1696,60-<65,60-<65,
2026-04-12,Brisbane Roar U21,Peninsula Power,away,home,0,1.4800,a45beab0c878,1ad887406419,59.7944,65.6858,55-<60,65-<80,60:'up'|65:'up',69.2310,68.9997,65-<80,65-<80,
2026-04-12,Buriram United,Ayutthaya United,home,home,1,1.1400,a45beab0c878,1ad887406419,63.8551,73.0104,60-<65,65-<80,65:'up',73.2889,76.6005,65-<80,65-<80,
2026-04-12,Celta Vigo,Real Oviedo,home,away,0,1.7000,a45beab0c878,1ad887406419,55.0053,63.1150,55-<60,60-<65,60:'up',64.2235,66.2617,60-<65,65-<80,65:'up'
2026-04-12,Dunajska Streda,Zemplin Michalovce,home,home,1,1.4200,a45beab0c878,1ad887406419,55.4351,64.3944,55-<60,60-<65,60:'up',64.6823,67.6283,60-<65,65-<80,65:'up'
2026-04-12,Falkirk FC,Rangers,away,away,1,1.8300,a45beab0c878,1ad887406419,51.3821,56.7510,<55,55-<60,55:'up',60.2843,59.3596,60-<65,55-<60,60:down
2026-04-12,Konyaspor,Fatih Karagümrük,home,home,1,1.8000,a45beab0c878,1ad887406419,46.2401,54.3955,<55,<55,,54.4875,56.7682,<55,55-<60,55:'up'
2026-04-12,Lyon,Lorient,home,home,1,4.1000,a45beab0c878,1ad887406419,45.4779,54.4357,<55,<55,,53.6090,56.8126,<55,55-<60,55:'up'
2026-04-12,Marítimo,Portimonense SC,home,home,1,1.5500,a45beab0c878,1ad887406419,61.0696,68.8197,60-<65,65-<80,65:'up',70.5244,72.2908,65-<80,65-<80,
2026-04-12,Paderborn,Magdeburg,home,home,1,1.8000,a45beab0c878,1ad887406419,49.4477,57.9476,<55,55-<60,55:'up',58.1309,60.6691,55-<60,60-<65,60:'up'
2026-04-12,Parma,Napoli,away,draw,0,1.5700,a45beab0c878,1ad887406419,61.7283,65.1408,60-<65,65-<80,65:'up',71.1856,68.4219,65-<80,65-<80,
2026-04-12,The Strongest,CD San Antonio (BOL),home,home,1,1.2200,a45beab0c878,1ad887406419,61.6296,68.8830,60-<65,65-<80,65:'up',71.0869,72.3567,65-<80,65-<80,
2026-04-12,Vigor Lamezia,FC Savoia,away,away,1,1.5700,a45beab0c878,1ad887406419,50.1469,55.2706,<55,55-<60,55:'up',58.9132,57.7330,55-<60,55-<60,
2026-04-13,CD Tondela,Gil Vicente,away,draw,0,1.9000,a45beab0c878,1ad887406419,46.9213,50.8408,<55,<55,,55.2686,52.8291,55-<60,<55,55:down
2026-04-13,Rizespor,Gaziantep,home,home,1,3.6000,a45beab0c878,1ad887406419,51.6653,60.5539,<55,60-<65,55:'up'|60:'up',60.5967,63.5035,60-<65,60-<65,
2026-04-13,Torino U19,Cremonese U19,home,home,1,1.6700,a45beab0c878,1ad887406419,47.7474,55.2547,<55,55-<60,55:'up',56.2106,57.7154,55-<60,55-<60,
2026-04-14,Ituzaingó,Arsenal Sarandi,away,draw,0,1.7000,a45beab0c878,1ad887406419,57.7732,61.3163,55-<60,60-<65,60:'up',67.1461,64.3275,65-<80,60-<65,65:down
2026-04-14,Peterhead FC,Inverness CT,away,away,1,1.3000,a45beab0c878,1ad887406419,53.5013,58.6750,<55,55-<60,55:'up',62.6035,61.4628,60-<65,60-<65,
2026-04-14,Southampton,Blackburn Rovers,home,home,1,4.2000,a45beab0c878,1ad887406419,55.5029,63.5534,55-<60,60-<65,60:'up',64.7545,66.7308,60-<65,65-<80,65:'up'
2026-04-14,Vélez Sársfield,Central Córdoba SdE,home,home,1,1.3300,a45beab0c878,1ad887406419,59.3194,66.8051,55-<60,65-<80,60:'up'|65:'up',68.7448,70.1813,65-<80,65-<80,
2026-04-14,Wigan Athletic,Rotherham,home,home,1,1.5700,a45beab0c878,1ad887406419,49.6377,56.5610,<55,55-<60,55:'up',58.3439,59.1512,55-<60,55-<60,
2026-04-15,Boca Juniors,Barcelona SC,home,home,1,5.2500,a45beab0c878,1ad887406419,55.3024,64.5718,55-<60,60-<65,60:'up',64.5408,67.8171,60-<65,65-<80,65:'up'
2026-04-15,Ceará SC,Jacuipense BA,home,home,1,6.2500,a45beab0c878,1ad887406419,55.8543,65.1109,55-<60,65-<80,60:'up'|65:'up',65.1281,68.3903,65-<80,65-<80,
2026-04-15,Colorado Rapids,Union Omaha,home,home,1,8.5000,a45beab0c878,1ad887406419,61.4940,69.1321,60-<65,65-<80,65:'up',70.9509,72.6159,65-<80,65-<80,
2026-04-17,Belasitsa,Etar Veliko Tarnovo,away,away,1,1.7500,a45beab0c878,1ad887406419,48.3042,52.5852,<55,<55,,56.8422,54.7659,55-<60,<55,55:down
2026-04-17,Cienciano,Puerto Cabello,home,home,1,1.6200,a45beab0c878,1ad887406419,52.7175,60.7164,<55,60-<65,55:'up'|60:'up',61.7507,63.6793,60-<65,60-<65,
2026-04-17,Dunav Ruse,Marek,home,draw,0,1.5000,a45beab0c878,1ad887406419,59.2788,66.9313,55-<60,65-<80,60:'up'|65:'up',68.7032,70.3142,65-<80,65-<80,
2026-04-17,Fenerbahçe,Rizespor,home,draw,0,1.3600,a45beab0c878,1ad887406419,63.7005,72.1101,60-<65,65-<80,65:'up',73.1376,75.6841,65-<80,65-<80,
2026-04-17,Lens,Toulouse,home,home,1,1.4400,a45beab0c878,1ad887406419,60.1510,68.5612,60-<65,65-<80,65:'up',69.5943,72.0214,65-<80,65-<80,
2026-04-17,Real Murcia,Antequera CF,home,away,0,3.4000,a45beab0c878,1ad887406419,45.2260,53.1438,<55,<55,,53.3176,55.3848,<55,55-<60,55:'up'
2026-04-17,Rodez,Amiens,home,home,1,1.6000,a45beab0c878,1ad887406419,52.8006,60.8264,<55,60-<65,55:'up'|60:'up',61.8414,63.7983,60-<65,60-<65,
2026-04-17,SV Elversberg,Karlsruher SC,home,home,1,1.4200,a45beab0c878,1ad887406419,52.9227,62.2117,<55,60-<65,55:'up'|60:'up',61.9745,65.2921,60-<65,65-<80,65:'up'
2026-04-18,Bangkok United,Ratchaburi FC,home,away,0,3.6000,a45beab0c878,1ad887406419,44.7226,53.2222,<55,<55,,52.7338,55.4715,<55,55-<60,55:'up'
2026-04-18,Barry Town,The New Saints,away,away,1,1.6000,a45beab0c878,1ad887406419,53.9983,59.2278,<55,55-<60,55:'up',63.1412,62.0647,60-<65,60-<65,
2026-04-18,Braintree Town,Rochdale,away,away,1,1.2500,a45beab0c878,1ad887406419,71.4769,75.4243,65-<80,65-<80,,80.4102,79.0292,>=80,65-<80,80:down
2026-04-18,Lille,Nice,home,draw,0,1.5300,a45beab0c878,1ad887406419,58.1260,65.7934,55-<60,65-<80,60:'up'|65:'up',67.5131,69.1135,65-<80,65-<80,
2026-04-18,Napoli,Lazio,home,away,0,1.5300,a45beab0c878,1ad887406419,49.4407,57.5441,<55,55-<60,55:'up',58.1231,60.2281,55-<60,60-<65,60:'up'
2026-04-18,Sparta Praha,FK Jablonec,home,home,1,1.6000,a45beab0c878,1ad887406419,49.2318,58.5081,<55,55-<60,55:'up',57.8885,61.2808,55-<60,60-<65,60:'up'
2026-04-18,Sydney FC,Perth Glory,home,draw,0,1.5700,a45beab0c878,1ad887406419,55.2355,63.1357,55-<60,60-<65,60:'up',64.4694,66.2838,60-<65,65-<80,65:'up'
2026-04-19,Aston Villa,Sunderland,home,home,1,1.7500,a45beab0c878,1ad887406419,45.3714,53.5054,<55,<55,,53.4859,55.7848,<55,55-<60,55:'up'
2026-04-19,Dender,Cercle Brugge,away,away,1,1.8000,a45beab0c878,1ad887406419,54.8786,59.9037,<55,55-<60,55:'up',64.0879,62.7989,60-<65,60-<65,
2026-04-19,Estudiantes FC,Monagas SC,home,home,1,1.8000,a45beab0c878,1ad887406419,48.9485,56.7593,<55,55-<60,55:'up',57.5697,59.3687,55-<60,55-<60,
2026-04-19,Monaco,Auxerre,home,draw,0,1.6200,a45beab0c878,1ad887406419,56.1095,64.1857,55-<60,60-<65,60:'up',65.3986,67.4059,65-<80,65-<80,
2026-04-19,Nottingham Forest,Burnley,home,home,1,1.4500,a45beab0c878,1ad887406419,45.0903,52.9620,<55,<55,,53.1605,55.1834,<55,55-<60,55:'up'
2026-04-19,Real Salt Lake,San Diego,home,home,1,1.5500,a45beab0c878,1ad887406419,44.2188,53.4667,<55,<55,,52.1475,55.7420,<55,55-<60,55:'up'
2026-04-20,Antigua GFC,Malacateco,home,home,1,1.5300,a45beab0c878,1ad887406419,56.5637,64.0780,55-<60,60-<65,60:'up',65.8784,67.2911,65-<80,65-<80,
2026-04-20,Deportivo La Coruña,Mirandés,home,home,1,1.5300,a45beab0c878,1ad887406419,62.0152,69.9840,60-<65,65-<80,65:'up',71.4722,73.4993,65-<80,65-<80,
2026-04-20,Farul Constanta,FCSB,away,away,1,1.7000,a45beab0c878,1ad887406419,52.1748,57.2312,<55,55-<60,55:'up',61.1567,59.8858,60-<65,55-<60,60:down
2026-04-20,Miedz Legnica,Gornik Leczna,home,away,0,1.5000,a45beab0c878,1ad887406419,55.7053,63.6655,55-<60,60-<65,60:'up',64.9698,66.8507,60-<65,65-<80,65:'up'
2026-04-20,Shirak FC,Ararat-Armenia,away,away,1,1.4000,a45beab0c878,1ad887406419,63.7173,67.6555,60-<65,65-<80,65:'up',73.1540,71.0746,65-<80,65-<80,
2026-04-21,Atlético Nacional,Atlético Bucaramanga,home,home,1,1.9100,a45beab0c878,1ad887406419,51.1782,59.2603,<55,55-<60,55:'up',60.0589,62.1000,60-<65,60-<65,
2026-04-21,Botafogo,Chapecoense SC,home,home,1,1.3600,a45beab0c878,1ad887406419,53.6241,61.6081,<55,60-<65,55:'up'|60:'up',62.7366,64.6422,60-<65,60-<65,
2026-04-21,Chennaiyin,Mohammedan SC,home,draw,0,1.4500,a45beab0c878,1ad887406419,52.9064,60.3249,<55,60-<65,55:'up'|60:'up',61.9568,63.2555,60-<65,60-<65,
2026-04-21,Konyaspor,Fenerbahçe,away,draw,0,2.0000,a45beab0c878,1ad887406419,53.1073,56.7156,<55,55-<60,55:'up',62.1756,59.3208,60-<65,55-<60,60:down
2026-04-21,Lens,Toulouse,home,home,1,1.5300,a45beab0c878,1ad887406419,59.0018,66.8927,55-<60,65-<80,60:'up'|65:'up',68.4184,70.2736,65-<80,65-<80,
2026-04-21,Southampton,Bristol City,home,draw,0,1.3800,a45beab0c878,1ad887406419,54.4234,63.0200,<55,60-<65,55:'up'|60:'up',63.5993,66.1598,60-<65,65-<80,65:'up'
2026-04-21,Stockport County,Mansfield,home,away,0,4.2000,a45beab0c878,1ad887406419,51.8864,60.2364,<55,60-<65,55:'up'|60:'up',60.8399,63.1597,60-<65,60-<65,
2026-04-22,Barcelona,Celta Vigo,home,home,1,1.2200,a45beab0c878,1ad887406419,61.2092,69.7708,60-<65,65-<80,65:'up',70.6649,73.2786,65-<80,65-<80,
2026-04-22,Burnley,Manchester City,away,away,1,1.1400,a45beab0c878,1ad887406419,76.2647,80.3556,65-<80,>=80,80:'up',84.5346,83.8510,>=80,>=80,
2026-04-22,CF Monterrey,Puebla FC,home,home,1,1.5700,a45beab0c878,1ad887406419,47.7249,56.1646,<55,55-<60,55:'up',56.1850,58.7161,55-<60,55-<60,
2026-04-22,Espanyol W,Barcelona W,away,away,1,1.0400,a45beab0c878,1ad887406419,78.5358,82.2934,65-<80,>=80,80:'up',86.3923,85.6880,>=80,>=80,
2026-04-22,Ferencvaros,Gyori ETO FC,home,draw,0,3.7000,a45beab0c878,1ad887406419,54.6643,63.1287,<55,60-<65,55:'up'|60:'up',63.8580,66.2763,60-<65,65-<80,65:'up'
2026-04-22,Pohang Steelers,Gwangju FC,home,home,1,1.6000,a45beab0c878,1ad887406419,51.8932,59.1910,<55,55-<60,55:'up',60.8475,62.0246,60-<65,60-<65,
2026-04-22,Sheffield United,Blackburn Rovers,home,away,0,2.0500,a45beab0c878,1ad887406419,45.6674,53.1861,<55,<55,,53.8279,55.4315,<55,55-<60,55:'up'
2026-04-22,Yverdon-Sport,Neuchâtel Xamax,home,draw,0,1.7000,a45beab0c878,1ad887406419,44.0290,52.9473,<55,<55,,51.9261,55.1672,<55,55-<60,55:'up'
2026-04-23,Besiktas,Alanyaspor,home,home,1,1.3800,a45beab0c878,1ad887406419,54.4707,63.1613,<55,60-<65,55:'up'|60:'up',63.6502,66.3112,60-<65,65-<80,65:'up'
2026-04-23,Casa Pia AC,Sporting Braga,away,away,1,1.5700,a45beab0c878,1ad887406419,60.9334,65.6662,60-<65,65-<80,65:'up',70.3870,68.9789,65-<80,65-<80,
2026-04-23,Los Angeles FC,Colorado Rapids,home,draw,0,1.4800,a45beab0c878,1ad887406419,56.7097,66.2708,55-<60,65-<80,60:'up'|65:'up',66.0322,69.6181,65-<80,65-<80,
2026-04-23,San Jose Earthquakes,Austin FC,home,home,1,1.4500,a45beab0c878,1ad887406419,54.9973,64.5628,<55,60-<65,55:'up'|60:'up',64.2149,67.8076,60-<65,65-<80,65:'up'
2026-04-23,Sonderjyske,Midtjylland,away,away,1,1.5000,a45beab0c878,1ad887406419,58.8372,62.0858,55-<60,60-<65,60:'up',68.2489,65.1566,65-<80,65-<80,
2026-04-23,Vikingur Reykjavik,Stjarnan FC,home,home,1,4.7500,a45beab0c878,1ad887406419,45.9463,54.6263,<55,<55,,54.1494,57.0229,<55,55-<60,55:'up'
2026-04-23,Wieczysta Kraków,Polonia Bytom,home,home,1,1.8000,a45beab0c878,1ad887406419,46.7387,55.3215,<55,55-<60,55:'up',55.0596,57.7890,55-<60,55-<60,
2026-04-24,Amiens,Montpellier,away,away,1,2.0000,a45beab0c878,1ad887406419,53.5380,57.2253,<55,55-<60,55:'up',62.6433,59.8792,60-<65,55-<60,60:down
2026-04-24,Cercle Brugge,Dender,home,home,1,1.5000,a45beab0c878,1ad887406419,55.1185,62.8563,55-<60,60-<65,60:'up',64.3444,65.9844,60-<65,65-<80,65:'up'
2026-04-24,FC Tokyo,Mito HollyHock,home,home,1,1.7000,a45beab0c878,1ad887406419,48.5341,55.7275,<55,55-<60,55:'up',57.1023,58.2357,55-<60,55-<60,
2026-04-24,Leicester City,Millwall,away,draw,0,1.7500,a45beab0c878,1ad887406419,57.6825,61.8417,55-<60,60-<65,60:'up',67.0516,64.8939,65-<80,60-<65,65:down
2026-04-24,Monza,Modena FC,home,home,1,4.0000,a45beab0c878,1ad887406419,44.5988,52.8882,<55,<55,,52.5899,55.1017,<55,55-<60,55:'up'
2026-04-24,RB Leipzig,Union Berlin,home,home,1,1.4200,a45beab0c878,1ad887406419,56.6154,64.5728,55-<60,60-<65,60:'up',65.9329,67.8183,65-<80,65-<80,
2026-04-25,Arsenal,Newcastle United,home,home,1,1.4200,a45beab0c878,1ad887406419,64.2386,71.4612,60-<65,65-<80,65:'up',73.6628,75.0204,65-<80,65-<80,
2026-04-25,Bahia,Santos,home,draw,0,1.6700,a45beab0c878,1ad887406419,50.7048,59.0842,<55,55-<60,55:'up',59.5341,61.9084,55-<60,60-<65,60:'up'
2026-04-25,Barnet,Gillingham,home,home,1,1.4200,a45beab0c878,1ad887406419,54.3625,62.4695,<55,60-<65,55:'up'|60:'up',63.5338,65.5692,60-<65,65-<80,65:'up'
2026-04-25,Bayern Munich W,Barcelona W,away,draw,0,1.3000,a45beab0c878,1ad887406419,58.4322,63.7912,55-<60,60-<65,60:'up',67.8306,66.9850,65-<80,65-<80,
2026-04-25,Jamshedpur,Chennaiyin,home,home,1,3.6000,a45beab0c878,1ad887406419,51.3358,59.2654,<55,55-<60,55:'up',60.2331,62.1055,60-<65,60-<65,
2026-04-25,Liverpool,Crystal Palace,home,home,1,1.5500,a45beab0c878,1ad887406419,50.2440,58.5503,<55,55-<60,55:'up',59.0215,61.3269,55-<60,60-<65,60:'up'
2026-04-25,Ludogorets,CSKA 1948,home,away,0,1.6000,a45beab0c878,1ad887406419,55.0237,63.8733,55-<60,60-<65,60:'up',64.2431,67.0726,60-<65,65-<80,65:'up'
2026-04-25,Lyon,Auxerre,home,home,1,1.6500,a45beab0c878,1ad887406419,58.2160,65.6010,55-<60,65-<80,60:'up'|65:'up',67.6065,68.9099,65-<80,65-<80,
2026-04-25,Marconi Stallions,Manly United,home,home,1,1.4800,a45beab0c878,1ad887406419,54.7136,62.5984,<55,60-<65,55:'up'|60:'up',63.9110,65.7076,60-<65,65-<80,65:'up'
2026-04-25,Middlesbrough,Watford,home,home,1,1.3600,a45beab0c878,1ad887406419,56.9012,64.6784,55-<60,60-<65,60:'up',66.2336,67.9306,65-<80,65-<80,
2026-04-25,Queen of the South,Montrose FC,home,draw,0,1.5000,a45beab0c878,1ad887406419,49.6126,58.6483,<55,55-<60,55:'up',58.3158,61.4338,55-<60,60-<65,60:'up'
2026-04-26,Atlético Grau,Alianza Lima,away,away,1,1.6500,a45beab0c878,1ad887406419,59.5443,63.4239,55-<60,60-<65,60:'up',68.9753,66.5923,65-<80,65-<80,
2026-04-26,Fratria,CSKA II Sofia,home,draw,0,6.0000,a45beab0c878,1ad887406419,47.4030,55.9377,<55,55-<60,55:'up',55.8186,58.4668,55-<60,55-<60,
2026-04-26,Rangers,Motherwell,home,away,0,1.6200,a45beab0c878,1ad887406419,50.3583,59.1929,<55,55-<60,55:'up',59.1489,62.0266,55-<60,60-<65,60:'up'
2026-04-26,Rennes,Nantes,home,home,1,1.4800,a45beab0c878,1ad887406419,60.2246,67.8655,60-<65,65-<80,65:'up',69.6692,71.2945,65-<80,65-<80,
2026-04-26,Seattle Sounders,FC Dallas,home,home,1,1.6500,a45beab0c878,1ad887406419,47.3409,55.8781,<55,55-<60,55:'up',55.7479,58.4013,55-<60,55-<60,
2026-04-26,Servette,FC Winterthur,home,home,1,1.4500,a45beab0c878,1ad887406419,59.1184,67.6035,55-<60,65-<80,60:'up'|65:'up',68.5384,71.0200,65-<80,65-<80,
2026-04-26,Sydney United,Wollongong FC,home,away,0,1.6000,a45beab0c878,1ad887406419,49.1560,57.1580,<55,55-<60,55:'up',57.8033,59.8056,55-<60,55-<60,
2026-04-26,Tromso,Sandefjord,home,home,1,1.5700,a45beab0c878,1ad887406419,54.0133,61.7653,<55,60-<65,55:'up'|60:'up',63.1574,64.8116,60-<65,60-<65,
2026-04-27,Budapest Honved,Soroksar,home,draw,0,1.4000,a45beab0c878,1ad887406419,58.1901,66.0823,55-<60,65-<80,60:'up'|65:'up',67.5796,69.4190,65-<80,65-<80,
2026-04-27,Gil Vicente,Casa Pia AC,home,home,1,1.8000,a45beab0c878,1ad887406419,52.3428,59.9263,<55,55-<60,55:'up',61.3409,62.8234,60-<65,60-<65,
2026-04-27,KR Reykjavik,FH Hafnarfjordur,home,home,1,1.4800,a45beab0c878,1ad887406419,54.2748,63.6632,<55,60-<65,55:'up'|60:'up',63.4394,66.8482,60-<65,65-<80,65:'up'
2026-04-27,Stjarnan FC,Valur Reykjavik,home,away,0,1.7500,a45beab0c878,1ad887406419,50.5521,59.1008,<55,55-<60,55:'up',59.3645,61.9264,55-<60,60-<65,60:'up'
2026-04-27,Vikingur Reykjavik,IA Akranes,home,home,1,1.4500,a45beab0c878,1ad887406419,52.9500,62.4526,<55,60-<65,55:'up'|60:'up',62.0042,65.5510,60-<65,65-<80,65:'up'
2026-04-28,Beitar Jerusalem,Hapoel Petah Tikva,home,home,1,1.3600,a45beab0c878,1ad887406419,61.2186,69.8289,60-<65,65-<80,65:'up',70.6743,73.3387,65-<80,65-<80,
2026-04-28,East Bengal,Odisha,home,home,1,1.2500,a45beab0c878,1ad887406419,62.7808,71.5178,60-<65,65-<80,65:'up',72.2326,75.0783,65-<80,65-<80,
2026-04-28,Eskisehirspor,Balikesirspor,home,home,1,6.0000,a45beab0c878,1ad887406419,55.3179,64.2671,55-<60,60-<65,60:'up',64.5574,67.4927,60-<65,65-<80,65:'up'
2026-04-28,MC Alger,Olympique Akbou,home,home,1,3.2000,a45beab0c878,1ad887406419,47.0009,55.0268,<55,55-<60,55:'up',55.3597,57.4644,55-<60,55-<60,
2026-04-29,Tromso,Brann,home,away,0,1.9000,a45beab0c878,1ad887406419,50.0940,59.3267,<55,55-<60,55:'up',58.8541,62.1721,55-<60,60-<65,60:'up'
2026-04-30,Neftchi Baku,Qarabag,away,home,0,1.7000,a45beab0c878,1ad887406419,50.1192,55.7896,<55,55-<60,55:'up',58.8823,58.3040,55-<60,55-<60,
2026-05-01,CD Marathón,Atlético Choloma,home,away,0,7.0000,a45beab0c878,1ad887406419,49.3896,59.8524,<55,55-<60,55:'up',58.0658,62.7432,55-<60,60-<65,60:'up'
2026-05-01,Corinthians,Peñarol,home,home,1,8.5000,a45beab0c878,1ad887406419,58.2888,65.5826,55-<60,65-<80,60:'up'|65:'up',67.6819,68.8904,65-<80,65-<80,
2026-05-01,Deportivo La Coruña,Leganes,home,home,1,1.5000,a45beab0c878,1ad887406419,54.5205,62.7306,<55,60-<65,55:'up'|60:'up',63.7036,65.8495,60-<65,65-<80,65:'up'
2026-05-01,Girona,Real Mallorca,home,away,0,1.9500,a45beab0c878,1ad887406419,47.6831,55.7033,<55,55-<60,55:'up',56.1376,58.2091,55-<60,55-<60,
2026-05-01,Haugesund,Sandnes Ulf,home,home,1,1.5500,a45beab0c878,1ad887406419,45.5440,54.5534,<55,<55,,53.6854,56.9425,<55,55-<60,55:'up'
2026-05-01,Legia Warszawa,Widzew Lodz,home,home,1,1.9100,a45beab0c878,1ad887406419,45.8516,53.3662,<55,<55,,54.0403,55.6309,<55,55-<60,55:'up'
2026-05-01,Maccabi Petah Tikva,Maccabi Herzliya,home,away,0,1.5300,a45beab0c878,1ad887406419,44.2430,53.5996,<55,<55,,52.1758,55.8891,<55,55-<60,55:'up'
2026-05-01,Mantova FC,Monza,away,home,0,1.7500,a45beab0c878,1ad887406419,51.7683,56.3728,<55,55-<60,55:'up',60.7101,58.9447,60-<65,55-<60,60:down
2026-05-01,Municipal Limeño,Cacahuatique,home,away,0,1.7300,a45beab0c878,1ad887406419,47.5949,55.7409,<55,55-<60,55:'up',56.0372,58.2505,55-<60,55-<60,
2026-05-01,Olancho,Génesis,home,draw,0,4.7500,a45beab0c878,1ad887406419,46.0224,54.5195,<55,<55,,54.2371,56.9051,<55,55-<60,55:'up'
2026-05-01,Septemvri Sofia,Montana,home,draw,0,1.7000,a45beab0c878,1ad887406419,50.8775,57.2393,<55,55-<60,55:'up',59.7259,59.8946,55-<60,55-<60,
2026-05-01,Sportivo Trinidense,2 de Mayo,home,away,0,1.6200,a45beab0c878,1ad887406419,50.1840,57.4516,<55,55-<60,55:'up',58.9546,60.1270,55-<60,60-<65,60:'up'
2026-05-01,Würzburger Kickers,Wacker Burghausen,home,home,1,1.3600,a45beab0c878,1ad887406419,57.5909,65.8005,55-<60,65-<80,60:'up'|65:'up',66.9560,69.1210,65-<80,65-<80,
2026-05-02,Amiens,Red Star,away,away,1,1.7300,a45beab0c878,1ad887406419,57.8701,61.9165,55-<60,60-<65,60:'up',67.2471,64.9745,65-<80,60-<65,65:down
2026-05-02,Arsenal,Fulham,home,home,1,1.4800,a45beab0c878,1ad887406419,59.4756,67.6652,55-<60,65-<80,60:'up'|65:'up',68.9050,71.0848,65-<80,65-<80,
2026-05-02,Atalanta,Genoa,home,draw,0,1.5000,a45beab0c878,1ad887406419,48.3715,56.5568,<55,55-<60,55:'up',56.9184,59.1466,55-<60,55-<60,
2026-05-02,Aurora FC,CD Guabirá,home,home,1,1.5000,a45beab0c878,1ad887406419,57.6863,65.6750,55-<60,65-<80,60:'up'|65:'up',67.0556,68.9882,65-<80,65-<80,
2026-05-02,Bayern Munich,Heidenheim,home,draw,0,1.2500,a45beab0c878,1ad887406419,78.9128,84.4913,65-<80,>=80,80:'up',86.6943,87.7274,>=80,>=80,
2026-05-02,Brentford,West Ham,home,home,1,1.9100,a45beab0c878,1ad887406419,45.1903,52.8686,<55,<55,,53.2764,55.0800,<55,55-<60,55:'up'
2026-05-02,CD Castellon,Córdoba,home,away,0,5.5000,a45beab0c878,1ad887406419,54.9614,63.8887,<55,60-<65,55:'up'|60:'up',64.1765,67.0890,60-<65,65-<80,65:'up'
2026-05-02,Dunav Ruse,FC Sevlievo,home,home,1,1.2200,a45beab0c878,1ad887406419,64.4007,71.3609,60-<65,65-<80,65:'up',73.8204,74.9176,65-<80,65-<80,
2026-05-02,Eintracht Frankfurt,Hamburger SV,home,away,0,1.7000,a45beab0c878,1ad887406419,49.2691,57.3489,<55,55-<60,55:'up',57.9304,60.0146,55-<60,60-<65,60:'up'
2026-05-02,Fleetwood Town,Milton Keynes Dons,away,draw,0,1.9000,a45beab0c878,1ad887406419,56.0264,61.6995,55-<60,60-<65,60:'up',65.3105,64.7408,65-<80,60-<65,65:down
2026-05-02,Levski Sofia,CSKA 1948,home,home,1,1.6200,a45beab0c878,1ad887406419,46.3895,54.8110,<55,<55,,54.6592,57.2266,<55,55-<60,55:'up'
2026-05-02,Nice,Lens,away,draw,0,1.6500,a45beab0c878,1ad887406419,51.2250,56.5903,<55,55-<60,55:'up',60.1107,59.1834,60-<65,55-<60,60:down
2026-05-02,Notts County,Bristol Rovers,home,draw,0,4.1000,a45beab0c878,1ad887406419,49.0508,57.4916,<55,55-<60,55:'up',57.6849,60.1707,55-<60,60-<65,60:'up'
2026-05-02,Osasuna,Barcelona,away,away,1,1.6700,a45beab0c878,1ad887406419,51.9805,57.3530,<55,55-<60,55:'up',60.9434,60.0190,60-<65,60-<65,
2026-05-02,Persebaya Surabaya,PSBS Biak Numfor,home,home,1,1.0400,a45beab0c878,1ad887406419,78.3802,84.2883,65-<80,>=80,80:'up',86.2671,87.5412,>=80,>=80,
2026-05-02,Real Salt Lake,Portland Timbers,home,home,1,1.4200,a45beab0c878,1ad887406419,56.7038,65.9691,55-<60,65-<80,60:'up'|65:'up',66.0261,69.2994,65-<80,65-<80,
2026-05-02,Samsunspor,Galatasaray,away,home,0,1.6700,a45beab0c878,1ad887406419,58.6201,64.3024,55-<60,60-<65,60:'up',68.0248,67.5303,65-<80,65-<80,
2026-05-02,Slovan Liberec,Slavia Praha,away,away,1,1.6700,a45beab0c878,1ad887406419,48.6835,52.7403,<55,<55,,57.2710,54.9379,55-<60,<55,55:down
2026-05-02,Villarreal,Levante,home,home,1,1.7000,a45beab0c878,1ad887406419,64.1773,71.4268,60-<65,65-<80,65:'up',73.6032,74.9851,65-<80,65-<80,
2026-05-03,Aston Villa,Tottenham,home,away,0,2.2500,a45beab0c878,1ad887406419,45.8548,53.8432,<55,<55,,54.0440,56.1583,<55,55-<60,55:'up'
2026-05-03,Barcelona W,Bayern Munich W,home,home,1,1.1200,a45beab0c878,1ad887406419,59.7971,68.2791,55-<60,65-<80,60:'up'|65:'up',69.2338,71.7271,65-<80,65-<80,
2026-05-03,Borussia M'gladbach,Borussia Dortmund,away,home,0,1.9100,a45beab0c878,1ad887406419,47.4512,52.6752,<55,<55,,55.8735,54.8658,55-<60,<55,55:down
2026-05-03,Celta Vigo,Elche,home,home,1,1.7000,a45beab0c878,1ad887406419,47.9709,56.4808,<55,55-<60,55:'up',56.4645,59.0632,55-<60,55-<60,
2026-05-03,Gimhae City,Busan I'Park,away,away,1,1.5300,a45beab0c878,1ad887406419,51.4164,56.2122,<55,55-<60,55:'up',60.3222,58.7683,60-<65,55-<60,60:down
2026-05-03,Hibernian,Celtic,away,away,1,1.6200,a45beab0c878,1ad887406419,53.1605,58.8106,<55,55-<60,55:'up',62.2334,61.6105,60-<65,60-<65,
2026-05-03,Lille,Le Havre,home,draw,0,1.3800,a45beab0c878,1ad887406419,59.5815,66.8604,55-<60,65-<80,60:'up'|65:'up',69.0134,70.2395,65-<80,65-<80,
2026-05-03,Rayo Majadahonda,Rayo Vallecano B,home,home,1,1.1200,a45beab0c878,1ad887406419,73.6097,80.2949,65-<80,>=80,80:'up',82.2818,83.7929,>=80,>=80,
2026-05-03,Real Betis,Real Oviedo,home,home,1,1.5700,a45beab0c878,1ad887406419,52.8607,60.6369,<55,60-<65,55:'up'|60:'up',61.9070,63.5933,60-<65,60-<65,
2026-05-03,Ryukyu,Kagoshima United,away,draw,0,1.6000,a45beab0c878,1ad887406419,51.6943,55.6350,<55,55-<60,55:'up',60.6285,58.1340,60-<65,55-<60,60:down
2026-05-03,Sassuolo,Milan,away,home,0,1.7300,a45beab0c878,1ad887406419,51.1604,56.1268,<55,55-<60,55:'up',60.0392,58.6746,60-<65,55-<60,60:down
2026-05-03,Sparta Praha,FK Jablonec,home,home,1,1.5500,a45beab0c878,1ad887406419,55.0800,63.8271,55-<60,60-<65,60:'up',64.3033,67.0232,60-<65,65-<80,65:'up'
2026-05-03,Sporting Gijón,AD Ceuta,home,away,0,1.5500,a45beab0c878,1ad887406419,50.4107,57.9607,<55,55-<60,55:'up',59.2072,60.6835,55-<60,60-<65,60:'up'
2026-05-03,Ujpest FC,Ferencvaros,away,away,1,1.5000,a45beab0c878,1ad887406419,56.6536,61.9180,55-<60,60-<65,60:'up',65.9732,64.9761,65-<80,60-<65,65:down
2026-05-03,Valerenga,KFUM Oslo,home,draw,0,1.9500,a45beab0c878,1ad887406419,48.1943,56.1238,<55,55-<60,55:'up',56.7178,58.6713,55-<60,55-<60,
2026-05-04,Bnei Sakhnin,Maccabi Bnei Raina,home,away,0,1.9500,a45beab0c878,1ad887406419,46.0713,53.5363,<55,<55,,54.2934,55.8190,<55,55-<60,55:'up'
2026-05-04,Bodo/Glimt,Molde,home,away,0,1.3600,a45beab0c878,1ad887406419,57.5535,67.6600,55-<60,65-<80,60:'up'|65:'up',66.9169,71.0793,65-<80,65-<80,
2026-05-04,Chelsea,Nottingham Forest,home,away,0,1.4200,a45beab0c878,1ad887406419,44.3637,53.2600,<55,<55,,52.3164,55.5134,<55,55-<60,55:'up'
2026-05-04,Everton,Manchester City,away,draw,0,1.4400,a45beab0c878,1ad887406419,59.3910,65.1390,55-<60,65-<80,60:'up'|65:'up',68.8182,68.4201,65-<80,65-<80,
2026-05-04,HJK Helsinki,FC Lahti,home,home,1,1.5500,a45beab0c878,1ad887406419,47.6175,56.0637,<55,55-<60,55:'up',56.0629,58.6052,55-<60,55-<60,
2026-05-04,Persib Bandung,PSIM Yogyakarta,home,home,1,1.2200,a45beab0c878,1ad887406419,64.6267,72.7950,60-<65,65-<80,65:'up',74.0397,76.3817,65-<80,65-<80,
2026-05-04,Real Kashmir,Namdhari,home,away,0,1.7500,a45beab0c878,1ad887406419,53.3649,62.0198,<55,60-<65,55:'up'|60:'up',62.4555,65.0857,60-<65,65-<80,65:'up'
2026-05-04,SCR Altach,Wolfsberger AC,home,away,0,2.4000,a45beab0c878,1ad887406419,45.1088,52.8380,<55,<55,,53.1819,55.0461,<55,55-<60,55:'up'
2026-05-04,Shamrock Rovers,Drogheda Utd,home,home,1,1.5000,a45beab0c878,1ad887406419,64.5158,72.0261,60-<65,65-<80,65:'up',73.9322,75.5984,65-<80,65-<80,
2026-05-04,Sligo Rovers,St Patricks Dublin,away,draw,0,1.5500,a45beab0c878,1ad887406419,58.9227,62.3524,55-<60,60-<65,60:'up',68.3370,65.4434,65-<80,65-<80,
2026-05-04,Unión Magdalena,Barranquilla FC,home,home,1,1.7000,a45beab0c878,1ad887406419,48.9388,58.4468,<55,55-<60,55:'up',57.5588,61.2141,55-<60,60-<65,60:'up'
2026-05-04,Waterford United,Dundalk FC,away,draw,0,1.7300,a45beab0c878,1ad887406419,56.5019,60.5471,55-<60,60-<65,60:'up',65.8133,63.4961,65-<80,60-<65,65:down
2026-05-05,Besiktas,Konyaspor,home,away,0,1.4800,a45beab0c878,1ad887406419,59.3372,68.3130,55-<60,65-<80,60:'up'|65:'up',68.7631,71.7624,65-<80,65-<80,
2026-05-05,Ceramica Cleopatra,Pyramids,away,draw,0,1.6000,a45beab0c878,1ad887406419,52.3905,57.7333,<55,55-<60,55:'up',61.3931,60.4350,60-<65,60-<65,
2026-05-05,Maccabi Tel Aviv,Hapoel Petah Tikva,home,home,1,1.3600,a45beab0c878,1ad887406419,62.1396,70.3841,60-<65,65-<80,65:'up',71.5962,73.9126,65-<80,65-<80,
2026-05-05,Stellenbosch FC,Orlando Pirates,away,away,1,1.5000,a45beab0c878,1ad887406419,61.5805,66.6132,60-<65,65-<80,65:'up',71.0377,69.9792,65-<80,65-<80,
2026-05-06,Flamurtari Vlore,Teuta Durres,home,draw,0,3.5000,a45beab0c878,1ad887406419,46.1585,54.3970,<55,<55,,54.3938,56.7699,<55,55-<60,55:'up'
2026-05-06,Fujieda MYFC,Fukushima United,home,draw,0,1.9000,a45beab0c878,1ad887406419,44.9732,52.8615,<55,<55,,53.0247,55.0721,<55,55-<60,55:'up'
2026-05-06,Hacken W,Djurgarden W,home,home,1,1.2000,a45beab0c878,1ad887406419,55.2734,65.7080,55-<60,65-<80,60:'up'|65:'up',64.5099,69.0232,60-<65,65-<80,65:'up'
2026-05-06,Kagoshima United,Oita Trinita,home,away,0,1.8500,a45beab0c878,1ad887406419,49.5013,57.0839,<55,55-<60,55:'up',58.1910,59.7244,55-<60,55-<60,
2026-05-06,Sagan Tosu,Gainare Tottori,home,home,1,1.6000,a45beab0c878,1ad887406419,49.8045,58.0734,<55,55-<60,55:'up',58.5306,60.8066,55-<60,60-<65,60:'up'
2026-05-07,Aston Villa,Nottingham Forest,home,home,1,1.7300,a45beab0c878,1ad887406419,53.4310,61.5222,<55,60-<65,55:'up'|60:'up',62.5272,64.5496,60-<65,60-<65,
2026-05-07,FAR Rabat,Olympique Safi,home,draw,0,1.3600,a45beab0c878,1ad887406419,63.6369,70.7704,60-<65,65-<80,65:'up',73.0754,74.3108,65-<80,65-<80,
2026-05-07,MC Oran,ASO Chlef,home,home,1,1.5000,a45beab0c878,1ad887406419,55.1494,62.5976,55-<60,60-<65,60:'up',64.3775,65.7067,60-<65,65-<80,65:'up'
2026-05-07,Strasbourg,Rayo Vallecano,home,away,0,3.7000,a45beab0c878,1ad887406419,45.0702,53.4594,<55,<55,,53.1372,55.7339,<55,55-<60,55:'up'
2026-05-08,Pachuca W,Monterrey W,home,home,1,4.7500,a45beab0c878,1ad887406419,50.6934,60.0465,<55,60-<65,55:'up'|60:'up',59.5215,62.9537,55-<60,60-<65,60:'up'
2026-05-09,Galatasaray,Antalyaspor,home,home,1,1.1700,a45beab0c878,1ad887406419,73.6828,80.6498,65-<80,>=80,80:'up',82.3449,84.1321,>=80,>=80,
2026-05-09,Hoffenheim,Werder Bremen,home,home,1,1.4800,a45beab0c878,1ad887406419,59.3286,68.7046,55-<60,65-<80,60:'up'|65:'up',68.7543,72.1709,65-<80,65-<80,
2026-05-09,Konyaspor,Fenerbahçe,away,away,1,1.6000,a45beab0c878,1ad887406419,60.4392,66.0412,60-<65,65-<80,65:'up',69.8871,69.3756,65-<80,65-<80,
2026-05-09,Launceston United,Kingborough Lions,away,away,1,1.0800,a45beab0c878,1ad887406419,78.7989,81.4335,65-<80,>=80,80:'up',86.6033,84.8772,>=80,>=80,
2026-05-09,Lecce,Juventus,away,away,1,1.4000,a45beab0c878,1ad887406419,64.9059,69.4997,60-<65,65-<80,65:'up',74.3097,72.9976,65-<80,65-<80,
2026-05-09,Levski Sofia,Ludogorets,home,away,0,2.1000,a45beab0c878,1ad887406419,46.3786,54.5714,<55,<55,,54.6467,56.9623,<55,55-<60,55:'up'
2026-05-09,Málaga CF,Sporting Gijón,home,home,1,1.6000,a45beab0c878,1ad887406419,52.1661,60.8114,<55,60-<65,55:'up'|60:'up',61.1472,63.7821,60-<65,60-<65,
2026-05-09,Zemplin Michalovce,Dunajska Streda,away,home,0,1.9500,a45beab0c878,1ad887406419,50.0360,55.7532,<55,55-<60,55:'up',58.7894,58.2640,55-<60,55-<60,
2026-05-09,Zulte Waregem,Dender,home,home,1,1.6000,a45beab0c878,1ad887406419,54.7960,63.0194,<55,60-<65,55:'up'|60:'up',63.9993,66.1592,60-<65,65-<80,65:'up'
2026-05-10,Burnley,Aston Villa,away,draw,0,1.5300,a45beab0c878,1ad887406419,59.6664,63.9959,55-<60,60-<65,60:'up',69.1002,67.2034,65-<80,65-<80,
2026-05-10,Radnicki Nis,Mladost Lucani,home,home,1,2.6200,a45beab0c878,1ad887406419,47.4776,55.2173,<55,55-<60,55:'up',55.9036,57.6742,55-<60,55-<60,
2026-05-10,West Ham,Arsenal,away,away,1,1.5300,a45beab0c878,1ad887406419,62.5596,67.4715,60-<65,65-<80,65:'up',72.0135,70.8817,65-<80,65-<80,
2026-05-11,Maccabi Petah Tikva,Hapoel Rishon Lezion,home,home,1,1.5500,a45beab0c878,1ad887406419,48.3479,58.2279,<55,55-<60,55:'up',56.8917,60.9752,55-<60,60-<65,60:'up'
2026-05-11,Millwall,Hull City,home,away,0,3.6000,a45beab0c878,1ad887406419,45.8452,54.5004,<55,<55,,54.0330,56.8840,<55,55-<60,55:'up'
2026-05-11,Napoli,Bologna,home,away,0,1.5700,a45beab0c878,1ad887406419,54.3198,62.7623,<55,60-<65,55:'up'|60:'up',63.4879,65.8835,60-<65,65-<80,65:'up'
2026-05-11,Yverdon-Sport,Rapperswil,home,home,1,1.5300,a45beab0c878,1ad887406419,48.8773,58.0014,<55,55-<60,55:'up',57.4896,60.7279,55-<60,60-<65,60:'up'
2026-05-14,Always Ready,The Strongest,home,away,0,4.2000,a45beab0c878,1ad887406419,50.4369,59.8438,<55,55-<60,55:'up',59.2363,62.7339,55-<60,60-<65,60:'up'
2026-05-14,Austria Lustenau,SKU Amstetten,home,home,1,1.6000,a45beab0c878,1ad887406419,45.9422,54.6013,<55,<55,,54.1448,56.9953,<55,55-<60,55:'up'
2026-05-15,FC Aarau,Yverdon-Sport,home,draw,0,1.3300,a45beab0c878,1ad887406419,49.5010,59.5622,<55,55-<60,55:'up',58.1907,62.4281,55-<60,60-<65,60:'up'
2026-05-15,Hapoel Ramat Gan,Hapoel Kfar Shalem,home,home,1,1.5300,a45beab0c878,1ad887406419,43.6405,52.8482,<55,<55,,51.4721,55.0575,<55,55-<60,55:'up'
2026-05-15,Oriente Petrolero,CD Guabirá,home,draw,0,1.9100,a45beab0c878,1ad887406419,45.7209,54.4039,<55,<55,,53.8897,56.7775,<55,55-<60,55:'up'
2026-05-15,Rizespor,Besiktas,away,draw,0,2.1000,a45beab0c878,1ad887406419,47.0347,52.1754,<55,<55,,55.3983,54.3116,55-<60,<55,55:down
2026-05-15,St Patricks Dublin,Shelbourne FC,home,away,0,1.7500,a45beab0c878,1ad887406419,47.5500,56.7086,<55,55-<60,55:'up',55.9860,59.3131,55-<60,55-<60,
2026-05-15,Versailles 78,Stade Briochin,home,draw,0,1.2200,a45beab0c878,1ad887406419,62.4174,70.0983,60-<65,65-<80,65:'up',71.8725,73.6174,65-<80,65-<80,
2026-05-16,Arda Kardzhali,Lokomotiv Plovdiv,home,home,1,6.2500,a45beab0c878,1ad887406419,48.7599,57.2546,<55,55-<60,55:'up',57.3572,59.9113,55-<60,55-<60,
2026-05-16,Bayer Leverkusen,Hamburger SV,home,draw,0,1.2800,a45beab0c878,1ad887406419,58.0972,67.4215,55-<60,65-<80,60:'up'|65:'up',67.4831,70.8292,65-<80,65-<80,
2026-05-16,Borussia M'gladbach,Hoffenheim,away,home,0,1.6500,a45beab0c878,1ad887406419,49.3502,55.1450,<55,55-<60,55:'up',58.0215,57.5946,55-<60,55-<60,
2026-05-16,Brann,KFUM Oslo,home,home,1,1.4800,a45beab0c878,1ad887406419,49.4926,59.3175,<55,55-<60,55:'up',58.1813,62.1621,55-<60,60-<65,60:'up'
2026-05-16,Longford Town,Cork City,away,away,1,1.6200,a45beab0c878,1ad887406419,54.5873,58.7273,<55,55-<60,55:'up',63.7755,61.5198,60-<65,60-<65,
2026-05-16,MSV Duisburg,Viktoria Köln,home,draw,0,1.3600,a45beab0c878,1ad887406419,59.0189,67.7959,55-<60,65-<80,60:'up'|65:'up',68.4361,71.2216,65-<80,65-<80,
2026-05-16,Middelfart G & BK,HB Koge,away,away,1,1.5500,a45beab0c878,1ad887406419,61.3899,65.6893,60-<65,65-<80,65:'up',70.8465,69.0034,65-<80,65-<80,
2026-05-16,Racing Santander,Real Valladolid,home,home,1,1.4200,a45beab0c878,1ad887406419,62.6494,71.1693,60-<65,65-<80,65:'up',72.1025,74.7209,65-<80,65-<80,
2026-05-16,Werder Bremen,Borussia Dortmund,away,away,1,2.0000,a45beab0c878,1ad887406419,52.1793,57.9265,<55,55-<60,55:'up',61.1617,60.6462,60-<65,60-<65,
2026-05-17,AC Pisa,Napoli,away,away,1,1.3800,a45beab0c878,1ad887406419,78.1546,81.1587,65-<80,>=80,80:'up',86.0850,84.6165,>=80,>=80,
2026-05-17,Atlético Madrid,Girona,home,home,1,1.7300,a45beab0c878,1ad887406419,49.2746,57.6535,<55,55-<60,55:'up',57.9366,60.3477,55-<60,60-<65,60:'up'
2026-05-17,Genoa,Milan,away,away,1,1.6700,a45beab0c878,1ad887406419,54.1795,59.3274,<55,55-<60,55:'up',63.3367,62.1730,60-<65,60-<65,
2026-05-17,Hannover 96,Nürnberg,home,draw,0,4.3300,a45beab0c878,1ad887406419,50.3343,59.8482,<55,55-<60,55:'up',59.1220,62.7387,55-<60,60-<65,60:'up'
2026-05-17,Levante,Real Mallorca,home,home,1,3.4000,a45beab0c878,1ad887406419,45.2464,53.8365,<55,<55,,53.3413,56.1509,<55,55-<60,55:'up'
2026-05-17,Lille,Auxerre,home,away,0,1.4400,a45beab0c878,1ad887406419,52.8901,61.3204,<55,60-<65,55:'up'|60:'up',61.9390,64.3319,60-<65,60-<65,
2026-05-17,Lugano,FC Basel,home,home,1,1.5500,a45beab0c878,1ad887406419,44.6976,52.9461,<55,<55,,52.7048,55.1658,<55,55-<60,55:'up'
2026-05-17,Manchester United,Nottingham Forest,home,home,1,1.6000,a45beab0c878,1ad887406419,55.6801,64.8979,55-<60,60-<65,60:'up',64.9430,68.1640,60-<65,65-<80,65:'up'
2026-05-17,Nice,Metz,home,draw,0,1.3000,a45beab0c878,1ad887406419,56.5179,65.5500,55-<60,65-<80,60:'up'|65:'up',65.8302,68.8559,65-<80,65-<80,
2026-05-18,Leganes,Huesca,home,draw,0,1.8500,a45beab0c878,1ad887406419,45.6163,53.9058,<55,<55,,53.7689,56.2275,<55,55-<60,55:'up'
2026-05-18,Lokomotiv Sofia,Slavia Sofia,home,home,1,1.6200,a45beab0c878,1ad887406419,45.3389,53.8952,<55,<55,,53.4484,56.2158,<55,55-<60,55:'up'
2026-05-18,Montana,Spartak Varna,away,away,1,9.5000,a45beab0c878,1ad887406419,51.4834,58.6184,<55,55-<60,55:'up',60.3961,61.4011,60-<65,60-<65,
2026-05-18,Shirak FC,FC Urartu,away,draw,0,1.4800,a45beab0c878,1ad887406419,61.7161,66.6510,60-<65,65-<80,65:'up',71.1734,70.0190,65-<80,65-<80,
2026-05-19,Bournemouth,Manchester City,away,draw,0,1.6200,a45beab0c878,1ad887406419,54.9070,60.5907,<55,60-<65,55:'up'|60:'up',64.1182,63.5433,60-<65,60-<65,
2026-05-19,Chelsea,Tottenham,home,home,1,2.2000,a45beab0c878,1ad887406419,45.0421,54.0275,<55,<55,,53.1046,56.3620,<55,55-<60,55:'up'
2026-05-19,Hapoel Beer Sheva,Maccabi Tel Aviv,home,home,1,1.6200,a45beab0c878,1ad887406419,51.4011,60.5155,<55,60-<65,55:'up'|60:'up',60.3052,63.4619,60-<65,60-<65,
2026-05-19,North East Utd,Mohammedan SC,home,home,1,1.2200,a45beab0c878,1ad887406419,58.2786,66.6346,55-<60,65-<80,60:'up'|65:'up',67.6714,70.0017,65-<80,65-<80,
2026-05-19,Real España,CD Marathón,home,draw,0,3.7000,a45beab0c878,1ad887406419,45.1630,53.5958,<55,<55,,53.2447,55.8848,<55,55-<60,55:'up'
2026-05-19,Sporting Charleroi,OH Leuven,home,draw,0,1.4800,a45beab0c878,1ad887406419,47.3294,55.4520,<55,55-<60,55:'up',55.7347,57.9326,55-<60,55-<60,
2026-05-20,São Paulo,Millonarios,home,draw,0,5.7500,a45beab0c878,1ad887406419,50.4520,59.1023,<55,55-<60,55:'up',59.2531,61.9281,55-<60,60-<65,60:'up'
2026-05-21,Atromitos FC,Panserraikos,home,home,1,1.6000,a45beab0c878,1ad887406419,59.5622,67.7206,55-<60,65-<80,60:'up'|65:'up',68.9937,71.1428,65-<80,65-<80,
2026-05-21,Flamengo,Estudiantes La Plata,home,home,1,1.5500,a45beab0c878,1ad887406419,54.5849,62.3942,<55,60-<65,55:'up'|60:'up',63.7728,65.4883,60-<65,65-<80,65:'up'
2026-05-21,Grêmio,Palestino,home,home,1,4.7500,a45beab0c878,1ad887406419,57.7207,66.8742,55-<60,65-<80,60:'up'|65:'up',67.0914,70.2540,65-<80,65-<80,
2026-05-21,Inter Kashi,East Bengal,away,away,1,1.2000,a45beab0c878,1ad887406419,62.2556,67.0548,60-<65,65-<80,65:'up',71.7117,70.4440,65-<80,65-<80,
2026-05-21,Jamshedpur,Odisha,home,draw,0,1.2800,a45beab0c878,1ad887406419,61.9229,69.9194,60-<65,65-<80,65:'up',71.3801,73.4324,65-<80,65-<80,
2026-05-21,Nassaji Mazandaran,Navad Urmia,home,home,1,1.2800,a45beab0c878,1ad887406419,62.2176,69.3843,60-<65,65-<80,65:'up',71.6738,72.8778,65-<80,65-<80,
2026-05-21,Palmeiras,Cerro Porteño,home,away,0,1.3000,a45beab0c878,1ad887406419,53.2149,61.8243,<55,60-<65,55:'up'|60:'up',62.2925,64.8752,60-<65,60-<65,
2026-05-22,Green Gully SC,Heidelberg United,away,away,1,1.3000,a45beab0c878,1ad887406419,56.4918,61.2117,55-<60,60-<65,60:'up',65.8026,64.2146,65-<80,60-<65,65:down
2026-05-22,Lens,Nice,home,home,1,1.4500,a45beab0c878,1ad887406419,59.4108,67.4371,55-<60,65-<80,60:'up'|65:'up',68.8385,70.8456,65-<80,65-<80,
2026-05-22,Racing Club,Caracas,home,draw,0,1.2200,a45beab0c878,1ad887406419,54.5519,62.8187,<55,60-<65,55:'up'|60:'up',63.7374,65.9440,60-<65,65-<80,65:'up'
2026-05-22,Septemvri Sofia,Dobrudzha,home,draw,0,1.2800,a45beab0c878,1ad887406419,58.4948,65.5946,55-<60,65-<80,60:'up'|65:'up',67.8953,68.9031,65-<80,65-<80,
2026-05-22,Spartak Varna,Lokomotiv Sofia,home,home,1,4.2000,a45beab0c878,1ad887406419,45.6577,53.4848,<55,<55,,53.8167,55.7620,<55,55-<60,55:'up'
2026-05-22,USM Alger,Paradou AC,home,home,1,1.4800,a45beab0c878,1ad887406419,50.6009,59.0786,<55,55-<60,55:'up',59.4187,61.9023,55-<60,60-<65,60:'up'
2026-05-22,Vikingur Reykjavik,FH Hafnarfjordur,home,home,1,1.1400,a45beab0c878,1ad887406419,74.5079,81.1026,65-<80,>=80,80:'up',83.0536,84.5633,>=80,>=80,
2026-05-23,Celtic,Dunfermline,home,home,1,1.1800,a45beab0c878,1ad887406419,77.0850,83.6964,65-<80,>=80,80:'up',85.2131,86.9956,>=80,>=80,
2026-05-23,Fratria,Pirin Blagoevgrad,home,home,1,4.5000,a45beab0c878,1ad887406419,58.1029,67.5150,55-<60,65-<80,60:'up'|65:'up',67.4891,70.9272,65-<80,65-<80,
2026-05-23,Girona,Elche,home,draw,0,3.8000,a45beab0c878,1ad887406419,45.6794,53.8855,<55,<55,,53.8417,56.2051,<55,55-<60,55:'up'
2026-05-23,Gornik Zabrze,Radomiak Radom,home,home,1,1.4800,a45beab0c878,1ad887406419,51.3319,59.8456,<55,55-<60,55:'up',60.2288,62.7358,60-<65,60-<65,
2026-05-23,Lazio,AC Pisa,home,home,1,1.6700,a45beab0c878,1ad887406419,52.7903,59.7613,<55,55-<60,55:'up',61.8302,62.6443,60-<65,60-<65,
2026-05-23,Peninsula Power,Magic United,home,home,1,1.1800,a45beab0c878,1ad887406419,70.5130,77.5893,65-<80,65-<80,,79.5466,81.1706,65-<80,>=80,80:'up'
2026-05-23,Real Mallorca,Real Oviedo,home,home,1,1.4800,a45beab0c878,1ad887406419,50.0331,57.9155,<55,55-<60,55:'up',58.7862,60.6341,55-<60,60-<65,60:'up'
2026-05-23,Riverside Olympic,South Hobart,away,draw,0,1.1400,a45beab0c878,1ad887406419,76.6816,81.5797,65-<80,>=80,80:'up',84.8805,85.0155,>=80,>=80,
2026-05-24,Antofagasta,Deportes Santa Cruz,home,draw,0,1.6200,a45beab0c878,1ad887406419,55.7037,64.1576,55-<60,60-<65,60:'up',64.9682,67.3759,60-<65,65-<80,65:'up'
2026-05-24,Napoli,Udinese,home,home,1,1.4500,a45beab0c878,1ad887406419,56.7542,65.4527,55-<60,65-<80,60:'up'|65:'up',66.0791,68.7527,65-<80,65-<80,
2026-05-24,Torino,Juventus,away,draw,0,1.4800,a45beab0c878,1ad887406419,54.6023,59.0716,<55,55-<60,55:'up',63.7916,61.8946,60-<65,60-<65,
2026-05-25,Hapoel Kfar Saba,Hapoel Ramat Gan,away,draw,0,1.6500,a45beab0c878,1ad887406419,54.3146,60.0711,<55,60-<65,55:'up'|60:'up',63.4822,62.9805,60-<65,60-<65,
2026-05-25,Ludogorets,CSKA-Sofia,home,home,1,1.7500,a45beab0c878,1ad887406419,45.6171,54.1776,<55,<55,,53.7698,56.5277,<55,55-<60,55:'up'
2026-05-25,South Melbourne,Avondale FC,away,away,1,1.1200,a45beab0c878,1ad887406419,54.9556,60.9325,<55,60-<65,55:'up'|60:'up',64.1702,63.9130,60-<65,60-<65,
2026-05-25,Suwon Bluewings,Cheonan City,home,home,1,1.5700,a45beab0c878,1ad887406419,50.3936,58.6815,<55,55-<60,55:'up',59.1882,61.4698,55-<60,60-<65,60:'up'
2026-05-25,Treaty United,Cork City,away,away,1,1.4800,a45beab0c878,1ad887406419,63.9856,68.3438,60-<65,65-<80,65:'up',73.4163,71.7945,65-<80,65-<80,
2026-05-26,Alashkert,Shirak FC,home,home,1,1.3300,a45beab0c878,1ad887406419,61.8962,69.2088,60-<65,65-<80,65:'up',71.3535,72.6956,65-<80,65-<80,
2026-05-26,KR Reykjavik,Valur Reykjavik,home,home,1,1.5700,a45beab0c878,1ad887406419,46.5769,57.2301,<55,55-<60,55:'up',54.8742,59.8845,<55,55-<60,55:'up'
2026-05-26,Stjarnan FC,Vikingur Reykjavik,away,away,1,5.0000,a45beab0c878,1ad887406419,53.5347,60.7918,<55,60-<65,55:'up'|60:'up',62.6397,63.7608,60-<65,60-<65,
2026-05-27,Barcelona W,Real Sociedad W,home,home,1,1.1200,a45beab0c878,1ad887406419,68.9626,76.8978,65-<80,65-<80,,78.1346,80.4906,65-<80,>=80,80:'up'
2026-05-27,Flamengo,Cusco FC,home,home,1,1.1100,a45beab0c878,1ad887406419,76.0750,82.5026,65-<80,>=80,80:'up',84.3766,85.8842,>=80,>=80,
2026-05-27,Gazelle,Stade Renard,home,home,1,1.7500,a45beab0c878,1ad887406419,50.3972,58.8695,<55,55-<60,55:'up',59.1921,61.6747,55-<60,60-<65,60:'up'
2026-05-27,San Lorenzo,Deportivo Recoleta,home,away,0,4.5000,a45beab0c878,1ad887406419,54.8851,63.8687,<55,60-<65,55:'up'|60:'up',64.0948,67.0676,60-<65,65-<80,65:'up'
2026-05-28,Fluminense,Deportivo La Guaira,home,home,1,7.5000,a45beab0c878,1ad887406419,59.2341,68.1445,55-<60,65-<80,60:'up'|65:'up',68.6573,71.5864,65-<80,65-<80,
2026-05-29,CA Tigre,Alianza Atlético,home,home,1,1.2700,a45beab0c878,1ad887406419,54.4709,62.6569,<55,60-<65,55:'up'|60:'up',63.6503,65.7704,60-<65,65-<80,65:'up'
2026-05-29,Cruzeiro,Barcelona SC,home,home,1,1.2800,a45beab0c878,1ad887406419,58.6257,66.7900,55-<60,65-<80,60:'up'|65:'up',68.0306,70.1654,65-<80,65-<80,
2026-05-29,Nõmme United,Flora Tallinn,away,away,1,1.3300,a45beab0c878,1ad887406419,56.6778,62.2999,55-<60,60-<65,60:'up',65.9986,65.3870,65-<80,65-<80,
2026-05-29,Rosenborg BK,Bodo/Glimt,away,draw,0,1.6200,a45beab0c878,1ad887406419,60.0172,65.0447,60-<65,65-<80,65:'up',69.4582,68.3199,65-<80,65-<80,
2026-05-30,Meshakhte Tkibuli,Dinamo Tbilisi,away,away,1,3.3000,a45beab0c878,1ad887406419,46.7139,52.5318,<55,<55,,55.0312,54.7068,55-<60,<55,55:down
2026-05-31,Real Zaragoza,Málaga CF,away,away,1,1.6700,a45beab0c878,1ad887406419,58.9536,63.3686,55-<60,60-<65,60:'up',68.3689,66.5332,65-<80,65-<80,
2026-06-02,Nassaji Mazandaran,Damash Gilan,home,home,1,1.1700,a45beab0c878,1ad887406419,70.9941,76.6474,65-<80,65-<80,,79.9790,80.2435,65-<80,>=80,80:'up'
2026-06-03,Rochedale Rovers,Magic United,home,home,1,1.6000,a45beab0c878,1ad887406419,57.1695,62.1031,55-<60,60-<65,60:'up',66.5153,65.1753,65-<80,65-<80,
2026-06-04,FAR Rabat,Difaâ El Jadidi,home,home,1,5.0000,a45beab0c878,1ad887406419,51.6978,59.3496,<55,55-<60,55:'up',60.6325,62.1971,60-<65,60-<65,
2026-06-04,Stenungsunds IF,Vänersborgs IF,home,home,1,1.5300,a45beab0c878,1ad887406419,51.7124,58.5761,<55,55-<60,55:'up',60.6485,61.3550,60-<65,60-<65,
2026-06-05,Adelaide City,Sturt Lions,home,home,1,1.7000,a45beab0c878,1ad887406419,52.3171,59.8252,<55,55-<60,55:'up',61.3128,62.7137,60-<65,60-<65,
2026-06-05,Bentleigh Greens,Hume City FC,away,away,1,1.8000,a45beab0c878,1ad887406419,47.2485,50.6844,<55,<55,,55.6424,52.6551,55-<60,<55,55:down
2026-06-05,FC Haka,JäPS,home,away,0,1.4800,a45beab0c878,1ad887406419,47.0967,56.0372,<55,55-<60,55:'up',55.4691,58.5761,55-<60,55-<60,
2026-06-05,JS Saoura,CS Constantine,home,home,1,4.2000,a45beab0c878,1ad887406419,53.2149,60.5803,<55,60-<65,55:'up'|60:'up',62.2926,63.5321,60-<65,60-<65,
2026-06-05,Oakleigh Cannons,St Albans Saints,home,draw,0,1.3300,a45beab0c878,1ad887406419,53.6015,61.7574,<55,60-<65,55:'up'|60:'up',62.7121,64.8031,60-<65,60-<65,
2026-06-05,Vänersborgs FK,Skara FC,away,away,1,1.6600,a45beab0c878,1ad887406419,47.5783,51.6847,<55,<55,,56.0183,53.7670,55-<60,<55,55:down
2026-06-06,Criciúma,Londrina,home,home,1,1.5000,a45beab0c878,1ad887406419,55.3702,62.1590,55-<60,60-<65,60:'up',64.6131,65.2354,60-<65,65-<80,65:'up'
2026-06-06,Playford City Patriots,Adelaide Comets,home,draw,0,1.5300,a45beab0c878,1ad887406419,52.5300,60.4831,<55,60-<65,55:'up'|60:'up',61.5458,63.4268,60-<65,60-<65,
2026-06-06,Vestri,Volsungur,home,home,1,1.5000,a45beab0c878,1ad887406419,50.5083,56.9777,<55,55-<60,55:'up',59.3158,59.6081,55-<60,55-<60,
2026-06-07,Antofagasta,CD Magallanes,home,draw,0,1.6700,a45beab0c878,1ad887406419,46.5496,54.4223,<55,<55,,54.8429,56.7978,<55,55-<60,55:'up'
2026-06-07,Deportivo Morón,Almirante Brown,home,home,1,2.9000,a45beab0c878,1ad887406419,46.2091,53.6639,<55,<55,,54.4519,55.9601,<55,55-<60,55:'up'
2026-06-07,GimPo Citizen,Jeonnam Dragons,home,draw,0,1.9000,a45beab0c878,1ad887406419,49.7034,56.1201,<55,55-<60,55:'up',58.4175,58.6672,55-<60,55-<60,
2026-06-07,Luverdense,Inhumas,home,home,1,1.2500,a45beab0c878,1ad887406419,60.4771,66.4397,60-<65,65-<80,65:'up',69.9255,69.7963,65-<80,65-<80,
2026-06-07,Trelleborgs FF,Skovde AIK,home,home,1,4.7500,a45beab0c878,1ad887406419,52.8500,61.5552,<55,60-<65,55:'up'|60:'up',61.8952,64.5852,60-<65,60-<65,
2026-06-08,Berazategui,Juventud Unida SM,home,home,1,1.6200,a45beab0c878,1ad887406419,48.4490,55.4621,<55,55-<60,55:'up',57.0061,57.9438,55-<60,55-<60,
2026-06-11,Mexico,South Africa,home,home,1,1.4200,a45beab0c878,1ad887406419,62.9327,70.3910,60-<65,65-<80,65:'up',72.3827,73.9197,65-<80,65-<80,
